Fecha (dd/mm/aaaa),Valor COLCAP,Variación absoluta,Variación porcentual
15-01-2008,980.21,-19.7850,-1.9785%
16-01-2008,958.99,-21.2208,-2.1649%
17-01-2008,928.38,-30.6136,-3.1923%
18-01-2008,903.49,-24.8946,-2.6815%
21-01-2008,832.37,-71.1182,-7.8715%
22-01-2008,879.67,47.3003,5.6826%
23-01-2008,890.89,11.2274,1.2763%
24-01-2008,933.79,42.8915,4.8144%
25-01-2008,939.61,5.8191,0.6232%
28-01-2008,930.97,-8.6329,-0.9188%
29-01-2008,946.51,15.5356,1.6688%
30-01-2008,936.55,-9.9551,-1.0518%
31-01-2008,937.33,0.7744,0.0827%
01-02-2008,938.16,0.8290,0.0884%
04-02-2008,945.18,7.0260,0.7489%
05-02-2008,920.47,-24.7081,-2.6141%
06-02-2008,900.89,-19.5824,-2.1274%
07-02-2008,891.30,-9.5879,-1.0643%
08-02-2008,906.03,14.7239,1.6520%
11-02-2008,920.78,14.7507,1.6281%
12-02-2008,915.74,-5.0415,-0.5475%
13-02-2008,918.85,3.1117,0.3398%
14-02-2008,928.67,9.8208,1.0688%
15-02-2008,929.63,0.9634,0.1037%
18-02-2008,944.25,14.6143,1.5721%
19-02-2008,945.40,1.1516,0.1220%
20-02-2008,941.38,-4.0179,-0.4250%
21-02-2008,944.38,3.0012,0.3188%
22-02-2008,940.05,-4.3284,-0.4583%
25-02-2008,938.49,-1.5680,-0.1668%
26-02-2008,938.58,0.0911,0.0097%
27-02-2008,935.15,-3.4251,-0.3649%
28-02-2008,931.03,-4.1174,-0.4403%
29-02-2008,914.90,-16.1321,-1.7327%
03-03-2008,896.73,-18.1718,-1.9862%
04-03-2008,859.79,-36.9372,-4.1191%
05-03-2008,897.61,37.8202,4.3988%
06-03-2008,889.83,-7.7832,-0.8671%
07-03-2008,900.79,10.9631,1.2320%
10-03-2008,907.83,7.0351,0.7810%
11-03-2008,911.72,3.8904,0.4285%
12-03-2008,914.89,3.1758,0.3483%
13-03-2008,912.74,-2.1495,-0.2349%
14-03-2008,902.13,-10.6185,-1.1634%
17-03-2008,890.57,-11.5527,-1.2806%
18-03-2008,899.67,9.0996,1.0218%
19-03-2008,902.56,2.8853,0.3207%
25-03-2008,895.08,-7.4769,-0.8284%
26-03-2008,891.73,-3.3535,-0.3747%
27-03-2008,887.89,-3.8418,-0.4308%
28-03-2008,890.03,2.1387,0.2409%
31-03-2008,889.28,-0.7410,-0.0833%
01-04-2008,913.73,24.4485,2.7492%
02-04-2008,919.30,5.5659,0.6091%
03-04-2008,923.04,3.7388,0.4067%
04-04-2008,922.00,-1.0387,-0.1125%
07-04-2008,928.32,6.3246,0.6860%
08-04-2008,930.57,2.2494,0.2423%
09-04-2008,936.53,5.9531,0.6397%
10-04-2008,922.05,-14.4722,-1.5453%
11-04-2008,917.73,-4.3244,-0.4690%
14-04-2008,917.57,-0.1582,-0.0172%
15-04-2008,931.61,14.0425,1.5304%
16-04-2008,936.55,4.9324,0.5294%
17-04-2008,934.66,-1.8887,-0.2017%
18-04-2008,952.82,18.1629,1.9433%
21-04-2008,953.25,0.4328,0.0454%
22-04-2008,950.97,-2.2817,-0.2394%
23-04-2008,942.21,-8.7580,-0.9210%
24-04-2008,949.52,7.3044,0.7752%
25-04-2008,953.07,3.5547,0.3744%
28-04-2008,962.40,9.3297,0.9789%
29-04-2008,969.11,6.7042,0.6966%
30-04-2008,985.95,16.8445,1.7381%
02-05-2008,"1,012.31",26.3561,2.6732%
06-05-2008,"1,032.08",19.7725,1.9532%
07-05-2008,"1,010.96",-21.1159,-2.0460%
08-05-2008,"1,001.24",-9.7242,-0.9619%
09-05-2008,"1,008.49",7.2488,0.7240%
12-05-2008,"1,010.27",1.7836,0.1769%
13-05-2008,"1,015.63",5.3622,0.5308%
14-05-2008,"1,027.74",12.1099,1.1923%
15-05-2008,"1,024.58",-3.1661,-0.3081%
16-05-2008,"1,016.11",-8.4686,-0.8265%
19-05-2008,"1,016.10",-0.0132,-0.0013%
20-05-2008,"1,009.48",-6.6126,-0.6508%
21-05-2008,"1,015.60",6.1207,0.6063%
22-05-2008,"1,008.67",-6.9353,-0.6829%
23-05-2008,"1,003.07",-5.5971,-0.5549%
27-05-2008,999.50,-3.5761,-0.3565%
28-05-2008,"1,000.23",0.7301,0.0730%
29-05-2008,"1,010.15",9.9231,0.9921%
30-05-2008,"1,019.78",9.6308,0.9534%
03-06-2008,"1,004.80",-14.9811,-1.4691%
04-06-2008,"1,015.92",11.1176,1.1065%
05-06-2008,"1,015.36",-0.5555,-0.0547%
06-06-2008,"1,013.73",-1.6292,-0.1605%
09-06-2008,"1,004.28",-9.4537,-0.9326%
10-06-2008,990.50,-13.7792,-1.3721%
11-06-2008,989.39,-1.1077,-0.1118%
12-06-2008,990.29,0.8983,0.0908%
13-06-2008,991.85,1.5620,0.1577%
16-06-2008,991.66,-0.1938,-0.0195%
17-06-2008,979.84,-11.8127,-1.1912%
18-06-2008,972.13,-7.7146,-0.7873%
19-06-2008,941.47,-30.6588,-3.1538%
20-06-2008,959.27,17.7951,1.8901%
23-06-2008,959.13,-0.1367,-0.0143%
24-06-2008,956.22,-2.9067,-0.3031%
25-06-2008,956.14,-0.0845,-0.0088%
26-06-2008,942.99,-13.1515,-1.3755%
27-06-2008,945.31,2.3193,0.2460%
01-07-2008,924.70,-20.6048,-2.1797%
02-07-2008,924.47,-0.2262,-0.0245%
03-07-2008,938.44,13.9616,1.5102%
04-07-2008,943.76,5.3186,0.5668%
07-07-2008,936.94,-6.8192,-0.7226%
08-07-2008,925.66,-11.2717,-1.2030%
09-07-2008,932.35,6.6904,0.7228%
10-07-2008,929.81,-2.5442,-0.2729%
11-07-2008,917.54,-12.2686,-1.3195%
14-07-2008,915.40,-2.1458,-0.2339%
15-07-2008,901.61,-13.7905,-1.5065%
16-07-2008,900.00,-1.6089,-0.1784%
17-07-2008,909.83,9.8380,1.0931%
18-07-2008,911.32,1.4806,0.1627%
21-07-2008,919.19,7.8753,0.8642%
22-07-2008,917.09,-2.1043,-0.2289%
23-07-2008,922.51,5.4250,0.5915%
24-07-2008,926.07,3.5621,0.3861%
25-07-2008,932.59,6.5181,0.7038%
28-07-2008,921.94,-10.6542,-1.1424%
29-07-2008,923.17,1.2315,0.1336%
30-07-2008,935.39,12.2202,1.3237%
31-07-2008,944.87,9.4763,1.0131%
01-08-2008,943.23,-1.6389,-0.1735%
04-08-2008,935.98,-7.2475,-0.7684%
05-08-2008,937.00,1.0188,0.1088%
06-08-2008,931.61,-5.3848,-0.5747%
08-08-2008,937.26,5.6450,0.6060%
11-08-2008,937.96,0.7031,0.0750%
12-08-2008,934.12,-3.8394,-0.4093%
13-08-2008,939.69,5.5631,0.5955%
14-08-2008,938.25,-1.4375,-0.1530%
15-08-2008,944.90,6.6533,0.7091%
19-08-2008,941.02,-3.8775,-0.4104%
20-08-2008,948.72,7.6996,0.8182%
21-08-2008,955.50,6.7816,0.7148%
22-08-2008,955.72,0.2119,0.0222%
25-08-2008,950.33,-5.3894,-0.5639%
26-08-2008,952.62,2.2974,0.2417%
27-08-2008,956.43,3.8070,0.3996%
28-08-2008,978.39,21.9611,2.2961%
29-08-2008,992.25,13.8610,1.4167%
01-09-2008,"1,025.10",32.8424,3.3099%
02-09-2008,"1,022.45",-2.6444,-0.2580%
03-09-2008,"1,017.24",-5.2099,-0.5095%
04-09-2008,"1,005.96",-11.2826,-1.1091%
05-09-2008,998.95,-7.0135,-0.6972%
08-09-2008,"1,010.74",11.7974,1.1810%
09-09-2008,"1,010.52",-0.2268,-0.0224%
10-09-2008,"1,012.76",2.2474,0.2224%
11-09-2008,"1,025.82",13.0589,1.2894%
12-09-2008,"1,023.76",-2.0587,-0.2007%
15-09-2008,"1,003.92",-19.8392,-1.9379%
16-09-2008,967.46,-36.4672,-3.6325%
17-09-2008,950.39,-17.0641,-1.7638%
18-09-2008,949.69,-0.7007,-0.0737%
19-09-2008,985.09,35.3938,3.7269%
22-09-2008,983.04,-2.0423,-0.2073%
23-09-2008,963.83,-19.2124,-1.9544%
24-09-2008,976.22,12.3910,1.2856%
25-09-2008,989.68,13.4580,1.3786%
26-09-2008,983.87,-5.8119,-0.5872%
29-09-2008,960.91,-22.9615,-2.3338%
30-09-2008,973.53,12.6267,1.3140%
01-10-2008,975.83,2.2947,0.2357%
02-10-2008,965.86,-9.9738,-1.0221%
03-10-2008,966.14,0.2893,0.0300%
06-10-2008,921.90,-44.2411,-4.5791%
07-10-2008,915.05,-6.8574,-0.7438%
08-10-2008,888.02,-27.0255,-2.9535%
09-10-2008,868.42,-19.5962,-2.2067%
10-10-2008,794.28,-74.1464,-8.5380%
14-10-2008,866.75,72.4704,9.1241%
15-10-2008,815.07,-51.6807,-5.9626%
16-10-2008,782.85,-32.2138,-3.9523%
17-10-2008,805.00,22.1486,2.8292%
20-10-2008,811.15,6.1490,0.7638%
21-10-2008,808.09,-3.0649,-0.3778%
22-10-2008,766.03,-42.0539,-5.2041%
23-10-2008,739.72,-26.3119,-3.4348%
24-10-2008,706.58,-33.1380,-4.4798%
27-10-2008,686.65,-19.9373,-2.8217%
28-10-2008,714.55,27.9001,4.0632%
29-10-2008,750.92,36.3745,5.0906%
30-10-2008,778.19,27.2694,3.6315%
31-10-2008,788.73,10.5409,1.3545%
04-11-2008,803.11,14.3839,1.8237%
05-11-2008,778.69,-24.4251,-3.0413%
06-11-2008,744.27,-34.4211,-4.4204%
07-11-2008,774.58,30.3099,4.0724%
10-11-2008,774.07,-0.5031,-0.0650%
11-11-2008,767.34,-6.7386,-0.8705%
12-11-2008,754.76,-12.5787,-1.6393%
13-11-2008,751.10,-3.6544,-0.4842%
14-11-2008,776.94,25.8361,3.4398%
18-11-2008,758.96,-17.9752,-2.3136%
19-11-2008,758.74,-0.2215,-0.0292%
20-11-2008,751.77,-6.9709,-0.9187%
21-11-2008,746.14,-5.6307,-0.7490%
24-11-2008,770.49,24.3521,3.2637%
25-11-2008,774.57,4.0820,0.5298%
26-11-2008,791.40,16.8221,2.1718%
27-11-2008,803.86,12.4617,1.5746%
28-11-2008,803.11,-0.7438,-0.0925%
01-12-2008,789.27,-13.8433,-1.7237%
02-12-2008,796.58,7.3056,0.9256%
03-12-2008,816.16,19.5830,2.4584%
04-12-2008,821.92,5.7563,0.7053%
05-12-2008,816.88,-5.0415,-0.6134%
09-12-2008,840.76,23.8806,2.9234%
10-12-2008,859.49,18.7326,2.2281%
11-12-2008,865.83,6.3447,0.7382%
12-12-2008,861.74,-4.0958,-0.4730%
15-12-2008,867.99,6.2480,0.7251%
16-12-2008,866.41,-1.5751,-0.1815%
17-12-2008,865.11,-1.3019,-0.1503%
18-12-2008,856.54,-8.5713,-0.9908%
19-12-2008,854.92,-1.6158,-0.1886%
22-12-2008,856.97,2.0444,0.2391%
23-12-2008,856.19,-0.7802,-0.0910%
24-12-2008,851.17,-5.0185,-0.5861%
26-12-2008,850.40,-0.7695,-0.0904%
29-12-2008,845.09,-5.3082,-0.6242%
30-12-2008,851.35,6.2597,0.7407%
02-01-2009,861.17,9.8218,1.1537%
05-01-2009,862.25,1.0754,0.1249%
06-01-2009,882.45,20.2016,2.3429%
07-01-2009,870.55,-11.8980,-1.3483%
08-01-2009,873.31,2.7621,0.3173%
09-01-2009,873.09,-0.2219,-0.0254%
13-01-2009,871.84,-1.2518,-0.1434%
14-01-2009,855.91,-15.9256,-1.8267%
15-01-2009,844.78,-11.1360,-1.3011%
16-01-2009,846.51,1.7295,0.2047%
19-01-2009,849.06,2.5516,0.3014%
20-01-2009,837.39,-11.6691,-1.3744%
21-01-2009,832.92,-4.4725,-0.5341%
22-01-2009,831.82,-1.0999,-0.1321%
23-01-2009,833.91,2.0905,0.2513%
26-01-2009,845.42,11.5155,1.3809%
27-01-2009,849.95,4.5264,0.5354%
28-01-2009,865.44,15.4938,1.8229%
29-01-2009,862.40,-3.0414,-0.3514%
30-01-2009,869.80,7.4005,0.8581%
02-02-2009,861.60,-8.2055,-0.9434%
03-02-2009,865.77,4.1692,0.4839%
04-02-2009,871.25,5.4819,0.6332%
05-02-2009,872.46,1.2107,0.1390%
06-02-2009,884.27,11.8148,1.3542%
09-02-2009,886.37,2.0968,0.2371%
10-02-2009,879.72,-6.6500,-0.7503%
11-02-2009,874.27,-5.4500,-0.6195%
12-02-2009,865.27,-9.0000,-1.0294%
13-02-2009,879.41,14.1400,1.6342%
16-02-2009,875.43,-3.9800,-0.4526%
17-02-2009,857.65,-17.7800,-2.0310%
18-02-2009,848.07,-9.5800,-1.1170%
19-02-2009,849.20,1.1300,0.1332%
20-02-2009,834.24,-14.9600,-1.7617%
23-02-2009,831.19,-3.0500,-0.3656%
24-02-2009,825.17,-6.0200,-0.7243%
25-02-2009,833.07,7.9000,0.9574%
26-02-2009,845.42,12.3500,1.4825%
27-02-2009,852.16,6.7400,0.7972%
02-03-2009,831.95,-20.2100,-2.3716%
03-03-2009,836.43,4.4800,0.5385%
04-03-2009,847.72,11.2900,1.3498%
05-03-2009,836.56,-11.1600,-1.3165%
06-03-2009,839.26,2.7000,0.3228%
09-03-2009,837.87,-1.3900,-0.1656%
10-03-2009,849.64,11.7700,1.4048%
11-03-2009,844.10,-5.5400,-0.6520%
12-03-2009,849.28,5.1800,0.6137%
13-03-2009,853.48,4.2000,0.4945%
16-03-2009,860.68,7.2000,0.8436%
17-03-2009,858.04,-2.6400,-0.3067%
18-03-2009,861.29,3.2500,0.3788%
19-03-2009,870.05,8.7600,1.0171%
20-03-2009,865.59,-4.4600,-0.5126%
24-03-2009,876.42,10.8300,1.2512%
25-03-2009,876.51,0.0900,0.0103%
26-03-2009,874.55,-1.9600,-0.2236%
27-03-2009,873.16,-1.3900,-0.1589%
30-03-2009,862.14,-11.0200,-1.2621%
31-03-2009,874.21,12.0700,1.4000%
01-04-2009,878.12,3.9100,0.4473%
02-04-2009,891.09,12.9700,1.4770%
03-04-2009,887.26,-3.8300,-0.4298%
06-04-2009,886.41,-0.8500,-0.0958%
07-04-2009,887.58,1.1700,0.1320%
08-04-2009,882.87,-4.7100,-0.5307%
13-04-2009,879.78,-3.0900,-0.3500%
14-04-2009,884.57,4.7900,0.5445%
15-04-2009,888.74,4.1700,0.4714%
16-04-2009,889.61,0.8700,0.0979%
17-04-2009,885.00,-4.6100,-0.5182%
20-04-2009,878.58,-6.4200,-0.7254%
21-04-2009,880.40,1.8200,0.2072%
22-04-2009,881.55,1.1500,0.1306%
23-04-2009,891.19,9.6400,1.0935%
24-04-2009,914.93,23.7400,2.6639%
27-04-2009,912.50,-2.4300,-0.2656%
28-04-2009,918.25,5.7500,0.6301%
29-04-2009,933.82,15.5700,1.6956%
30-04-2009,931.93,-1.8900,-0.2024%
04-05-2009,947.85,15.9200,1.7083%
05-05-2009,953.11,5.2600,0.5549%
06-05-2009,960.78,7.6700,0.8047%
07-05-2009,973.07,12.2900,1.2792%
08-05-2009,"1,004.96",31.8900,3.2773%
11-05-2009,996.84,-8.1200,-0.8080%
12-05-2009,"1,003.38",6.5400,0.6561%
13-05-2009,989.00,-14.3800,-1.4332%
14-05-2009,"1,001.37",12.3700,1.2508%
15-05-2009,"1,001.45",0.0800,0.0080%
18-05-2009,"1,012.19",10.7400,1.0724%
19-05-2009,"1,022.41",10.2200,1.0097%
20-05-2009,"1,024.78",2.3700,0.2318%
21-05-2009,"1,007.56",-17.2200,-1.6804%
22-05-2009,"1,008.43",0.8700,0.0863%
26-05-2009,"1,016.43",8.0000,0.7933%
27-05-2009,"1,012.49",-3.9400,-0.3876%
28-05-2009,"1,024.05",11.5600,1.1417%
29-05-2009,"1,031.53",7.4800,0.7304%
01-06-2009,"1,054.15",22.6200,2.1929%
02-06-2009,"1,049.71",-4.4400,-0.4212%
03-06-2009,"1,042.32",-7.3900,-0.7040%
04-06-2009,"1,052.39",10.0700,0.9661%
05-06-2009,"1,052.93",0.5400,0.0513%
08-06-2009,"1,048.86",-4.0700,-0.3865%
09-06-2009,"1,051.36",2.5000,0.2384%
10-06-2009,"1,056.77",5.4100,0.5146%
11-06-2009,"1,074.78",18.0100,1.7042%
12-06-2009,"1,076.81",2.0300,0.1889%
16-06-2009,"1,066.41",-10.4000,-0.9658%
17-06-2009,"1,072.41",6.0000,0.5626%
18-06-2009,"1,079.22",6.8100,0.6350%
19-06-2009,"1,090.73",11.5100,1.0665%
23-06-2009,"1,089.32",-1.4100,-0.1293%
24-06-2009,"1,090.37",1.0500,0.0964%
25-06-2009,"1,098.87",8.5000,0.7796%
26-06-2009,"1,094.95",-3.9200,-0.3567%
30-06-2009,"1,102.73",7.7800,0.7105%
01-07-2009,"1,119.35",16.6200,1.5072%
02-07-2009,"1,119.53",0.1800,0.0161%
03-07-2009,"1,116.98",-2.5500,-0.2278%
06-07-2009,"1,110.83",-6.1500,-0.5506%
07-07-2009,"1,113.67",2.8400,0.2557%
08-07-2009,"1,103.93",-9.7400,-0.8746%
09-07-2009,"1,085.58",-18.3500,-1.6622%
10-07-2009,"1,083.01",-2.5700,-0.2367%
13-07-2009,"1,082.69",-0.3200,-0.0295%
14-07-2009,"1,089.24",6.5500,0.6050%
15-07-2009,"1,090.85",1.6100,0.1478%
16-07-2009,"1,092.88",2.0300,0.1861%
17-07-2009,"1,104.86",11.9800,1.0962%
21-07-2009,"1,113.97",9.1100,0.8245%
22-07-2009,"1,120.17",6.2000,0.5566%
23-07-2009,"1,141.90",21.7300,1.9399%
24-07-2009,"1,146.58",4.6800,0.4098%
27-07-2009,"1,143.37",-3.2100,-0.2800%
28-07-2009,"1,126.75",-16.6200,-1.4536%
29-07-2009,"1,122.62",-4.1300,-0.3665%
30-07-2009,"1,147.57",24.9500,2.2225%
31-07-2009,"1,156.22",8.6500,0.7538%
03-08-2009,"1,165.42",9.2000,0.7957%
04-08-2009,"1,168.20",2.7800,0.2385%
05-08-2009,"1,162.95",-5.2500,-0.4494%
06-08-2009,"1,169.26",6.3100,0.5426%
10-08-2009,"1,174.71",5.4500,0.4661%
11-08-2009,"1,162.53",-12.1800,-1.0369%
12-08-2009,"1,171.32",8.7900,0.7561%
13-08-2009,"1,179.38",8.0600,0.6881%
14-08-2009,"1,180.48",1.1000,0.0933%
18-08-2009,"1,176.17",-4.3100,-0.3651%
19-08-2009,"1,181.11",4.9400,0.4200%
20-08-2009,"1,192.34",11.2300,0.9508%
21-08-2009,"1,202.28",9.9400,0.8337%
24-08-2009,"1,229.85",27.5700,2.2931%
25-08-2009,"1,227.18",-2.6700,-0.2171%
26-08-2009,"1,218.39",-8.7900,-0.7163%
27-08-2009,"1,210.09",-8.3000,-0.6812%
28-08-2009,"1,214.38",4.2900,0.3545%
31-08-2009,"1,209.09",-5.2900,-0.4356%
01-09-2009,"1,178.87",-30.2200,-2.4994%
02-09-2009,"1,182.83",3.9600,0.3359%
03-09-2009,"1,173.66",-9.1700,-0.7753%
04-09-2009,"1,192.55",18.8900,1.6095%
07-09-2009,"1,200.04",7.4900,0.6281%
08-09-2009,"1,219.62",19.5800,1.6316%
09-09-2009,"1,219.90",0.2800,0.0230%
10-09-2009,"1,218.36",-1.5400,-0.1262%
11-09-2009,"1,216.22",-2.1400,-0.1756%
14-09-2009,"1,212.53",-3.6900,-0.3034%
15-09-2009,"1,244.75",32.2200,2.6573%
16-09-2009,"1,248.69",3.9400,0.3165%
17-09-2009,"1,245.88",-2.8100,-0.2250%
18-09-2009,"1,269.97",24.0900,1.9336%
21-09-2009,"1,266.91",-3.0600,-0.2410%
22-09-2009,"1,276.57",9.6600,0.7625%
23-09-2009,"1,288.14",11.5700,0.9063%
24-09-2009,"1,290.81",2.6700,0.2073%
25-09-2009,"1,305.32",14.5100,1.1241%
28-09-2009,"1,331.90",26.5800,2.0363%
29-09-2009,"1,321.32",-10.5800,-0.7944%
30-09-2009,"1,328.93",7.6100,0.5759%
01-10-2009,"1,315.15",-13.7800,-1.0369%
02-10-2009,"1,318.92",3.7700,0.2867%
05-10-2009,"1,335.49",16.5700,1.2563%
06-10-2009,"1,356.57",21.0800,1.5784%
07-10-2009,"1,355.56",-1.0100,-0.0745%
08-10-2009,"1,346.83",-8.7300,-0.6440%
09-10-2009,"1,333.44",-13.3900,-0.9942%
13-10-2009,"1,303.03",-30.4100,-2.2806%
14-10-2009,"1,294.39",-8.6400,-0.6631%
15-10-2009,"1,294.11",-0.2800,-0.0216%
16-10-2009,"1,301.69",7.5800,0.5857%
19-10-2009,"1,330.80",29.1100,2.2363%
20-10-2009,"1,315.97",-14.8300,-1.1144%
21-10-2009,"1,317.07",1.1000,0.0836%
22-10-2009,"1,308.64",-8.4300,-0.6401%
23-10-2009,"1,303.29",-5.3500,-0.4088%
26-10-2009,"1,288.81",-14.4800,-1.1110%
27-10-2009,"1,277.91",-10.9000,-0.8457%
28-10-2009,"1,279.22",1.3100,0.1025%
29-10-2009,"1,289.97",10.7500,0.8404%
30-10-2009,"1,257.17",-32.8000,-2.5427%
03-11-2009,"1,240.95",-16.2200,-1.2902%
04-11-2009,"1,262.50",21.5500,1.7366%
05-11-2009,"1,280.40",17.9000,1.4178%
06-11-2009,"1,279.75",-0.6500,-0.0508%
09-11-2009,"1,303.00",23.2500,1.8168%
10-11-2009,"1,304.06",1.0600,0.0814%
11-11-2009,"1,303.86",-0.2000,-0.0153%
12-11-2009,"1,308.45",4.5900,0.3520%
13-11-2009,"1,311.43",2.9800,0.2278%
17-11-2009,"1,314.81",3.3800,0.2577%
18-11-2009,"1,299.42",-15.3900,-1.1705%
19-11-2009,"1,301.12",1.7000,0.1308%
20-11-2009,"1,301.85",0.7300,0.0561%
23-11-2009,"1,305.65",3.8000,0.2919%
24-11-2009,"1,312.26",6.6100,0.5063%
25-11-2009,"1,327.17",14.9100,1.1362%
26-11-2009,"1,316.16",-11.0100,-0.8296%
27-11-2009,"1,328.31",12.1500,0.9231%
30-11-2009,"1,318.05",-10.2600,-0.7724%
01-12-2009,"1,335.21",17.1600,1.3019%
02-12-2009,"1,337.22",2.0100,0.1505%
03-12-2009,"1,356.57",19.3500,1.4470%
04-12-2009,"1,353.58",-2.9900,-0.2204%
07-12-2009,"1,358.31",4.7300,0.3494%
09-12-2009,"1,357.77",-0.5400,-0.0398%
10-12-2009,"1,351.02",-6.7500,-0.4971%
11-12-2009,"1,366.34",15.3200,1.1340%
14-12-2009,"1,366.46",0.1200,0.0088%
15-12-2009,"1,368.48",2.0200,0.1478%
16-12-2009,"1,379.58",11.1000,0.8111%
17-12-2009,"1,382.63",3.0500,0.2211%
18-12-2009,"1,370.34",-12.2900,-0.8889%
21-12-2009,"1,369.56",-0.7800,-0.0569%
22-12-2009,"1,365.23",-4.3300,-0.3162%
23-12-2009,"1,364.13",-1.1000,-0.0806%
24-12-2009,"1,372.72",8.5900,0.6297%
28-12-2009,"1,365.06",-7.6600,-0.5580%
29-12-2009,"1,366.35",1.2900,0.0945%
30-12-2009,"1,366.85",0.5000,0.0366%
04-01-2010,"1,374.28",7.4300,0.5436%
05-01-2010,"1,373.23",-1.0500,-0.0764%
06-01-2010,"1,373.89",0.6600,0.0481%
07-01-2010,"1,368.91",-4.9800,-0.3625%
08-01-2010,"1,374.72",5.8100,0.4244%
12-01-2010,"1,369.53",-5.1900,-0.3775%
13-01-2010,"1,379.91",10.3800,0.7579%
14-01-2010,"1,386.91",7.0000,0.5073%
15-01-2010,"1,382.66",-4.2500,-0.3064%
18-01-2010,"1,382.07",-0.5900,-0.0427%
19-01-2010,"1,386.01",3.9400,0.2851%
20-01-2010,"1,381.80",-4.2100,-0.3037%
21-01-2010,"1,355.28",-26.5200,-1.9192%
22-01-2010,"1,364.33",9.0500,0.6678%
25-01-2010,"1,345.31",-19.0200,-1.3941%
26-01-2010,"1,357.80",12.4900,0.9284%
27-01-2010,"1,355.80",-2.0000,-0.1473%
28-01-2010,"1,353.57",-2.2300,-0.1645%
29-01-2010,"1,363.67",10.1000,0.7462%
01-02-2010,"1,358.49",-5.1800,-0.3799%
02-02-2010,"1,363.85",5.3600,0.3946%
03-02-2010,"1,359.43",-4.4200,-0.3241%
04-02-2010,"1,334.80",-24.6300,-1.8118%
05-02-2010,"1,326.08",-8.7200,-0.6533%
08-02-2010,"1,327.03",0.9500,0.0716%
09-02-2010,"1,345.54",18.5100,1.3948%
10-02-2010,"1,353.70",8.1600,0.6064%
11-02-2010,"1,358.21",4.5100,0.3332%
12-02-2010,"1,355.84",-2.3700,-0.1745%
15-02-2010,"1,357.59",1.7500,0.1291%
16-02-2010,"1,364.53",6.9400,0.5112%
17-02-2010,"1,366.11",1.5800,0.1158%
18-02-2010,"1,359.64",-6.4700,-0.4736%
19-02-2010,"1,372.51",12.8700,0.9466%
22-02-2010,"1,372.84",0.3300,0.0240%
23-02-2010,"1,379.75",6.9100,0.5033%
24-02-2010,"1,398.47",18.7200,1.3568%
25-02-2010,"1,385.85",-12.6200,-0.9024%
26-02-2010,"1,391.02",5.1700,0.3731%
01-03-2010,"1,392.91",1.8900,0.1359%
02-03-2010,"1,391.36",-1.5500,-0.1113%
03-03-2010,"1,401.53",10.1700,0.7309%
04-03-2010,"1,398.81",-2.7200,-0.1941%
05-03-2010,"1,399.63",0.8200,0.0586%
08-03-2010,"1,408.35",8.7200,0.6230%
09-03-2010,"1,403.17",-5.1800,-0.3678%
10-03-2010,"1,403.82",0.6500,0.0463%
11-03-2010,"1,405.26",1.4400,0.1026%
12-03-2010,"1,406.49",1.2300,0.0875%
15-03-2010,"1,404.42",-2.0700,-0.1472%
16-03-2010,"1,411.71",7.2900,0.5191%
17-03-2010,"1,429.40",17.6900,1.2531%
18-03-2010,"1,432.30",2.9000,0.2029%
19-03-2010,"1,414.10",-18.2000,-1.2707%
23-03-2010,"1,426.74",12.6400,0.8939%
24-03-2010,"1,422.69",-4.0500,-0.2839%
25-03-2010,"1,427.24",4.5500,0.3198%
26-03-2010,"1,423.02",-4.2200,-0.2957%
29-03-2010,"1,429.29",6.2700,0.4406%
30-03-2010,"1,430.71",1.4200,0.0994%
31-03-2010,"1,440.58",9.8700,0.6899%
05-04-2010,"1,450.93",10.3500,0.7185%
06-04-2010,"1,460.30",9.3700,0.6458%
07-04-2010,"1,472.19",11.8900,0.8142%
08-04-2010,"1,472.76",0.5700,0.0387%
09-04-2010,"1,468.95",-3.8100,-0.2587%
12-04-2010,"1,470.70",1.7500,0.1191%
13-04-2010,"1,470.91",0.2100,0.0143%
14-04-2010,"1,478.47",7.5600,0.5140%
15-04-2010,"1,481.14",2.6700,0.1806%
16-04-2010,"1,463.27",-17.8700,-1.2065%
19-04-2010,"1,453.14",-10.1300,-0.6923%
20-04-2010,"1,467.76",14.6200,1.0061%
21-04-2010,"1,475.06",7.3000,0.4974%
22-04-2010,"1,478.51",3.4500,0.2339%
23-04-2010,"1,488.05",9.5400,0.6452%
26-04-2010,"1,484.44",-3.6100,-0.2426%
27-04-2010,"1,472.11",-12.3300,-0.8306%
28-04-2010,"1,457.28",-14.8300,-1.0074%
29-04-2010,"1,469.22",11.9400,0.8193%
30-04-2010,"1,467.26",-1.9600,-0.1334%
03-05-2010,"1,490.16",22.9000,1.5607%
04-05-2010,"1,481.63",-8.5300,-0.5724%
05-05-2010,"1,446.55",-35.0800,-2.3677%
06-05-2010,"1,403.06",-43.4900,-3.0065%
07-05-2010,"1,412.80",9.7400,0.6942%
10-05-2010,"1,438.18",25.3800,1.7964%
11-05-2010,"1,442.63",4.4500,0.3094%
12-05-2010,"1,451.06",8.4300,0.5843%
13-05-2010,"1,454.93",3.8700,0.2667%
14-05-2010,"1,444.27",-10.6600,-0.7327%
18-05-2010,"1,424.49",-19.7800,-1.3696%
19-05-2010,"1,406.37",-18.1200,-1.2720%
20-05-2010,"1,395.99",-10.3800,-0.7381%
21-05-2010,"1,397.39",1.4000,0.1003%
24-05-2010,"1,410.93",13.5400,0.9689%
25-05-2010,"1,399.25",-11.6800,-0.8278%
26-05-2010,"1,432.82",33.5700,2.3991%
27-05-2010,"1,428.47",-4.3500,-0.3036%
28-05-2010,"1,446.48",18.0100,1.2608%
31-05-2010,"1,444.54",-1.9400,-0.1341%
01-06-2010,"1,447.26",2.7200,0.1883%
02-06-2010,"1,451.91",4.6500,0.3213%
03-06-2010,"1,453.36",1.4500,0.0999%
04-06-2010,"1,438.30",-15.0600,-1.0362%
08-06-2010,"1,433.27",-5.0300,-0.3497%
09-06-2010,"1,445.53",12.2600,0.8554%
10-06-2010,"1,446.34",0.8100,0.0560%
11-06-2010,"1,448.08",1.7400,0.1203%
15-06-2010,"1,450.71",2.6300,0.1816%
16-06-2010,"1,461.39",10.6800,0.7362%
17-06-2010,"1,460.56",-0.8300,-0.0568%
18-06-2010,"1,472.41",11.8500,0.8113%
21-06-2010,"1,466.78",-5.6300,-0.3824%
22-06-2010,"1,467.67",0.8900,0.0607%
23-06-2010,"1,471.95",4.2800,0.2916%
24-06-2010,"1,468.73",-3.2200,-0.2188%
25-06-2010,"1,475.04",6.3100,0.4296%
28-06-2010,"1,472.02",-3.0200,-0.2047%
29-06-2010,"1,453.60",-18.4200,-1.2513%
30-06-2010,"1,466.78",13.1800,0.9067%
01-07-2010,"1,459.01",-7.7700,-0.5297%
02-07-2010,"1,455.04",-3.9700,-0.2721%
06-07-2010,"1,463.82",8.7800,0.6034%
07-07-2010,"1,462.81",1.0100,0.0690%
08-07-2010,"1,474.59",11.7800,0.8053%
09-07-2010,"1,478.49",3.9000,0.2645%
12-07-2010,"1,496.79",18.3000,1.2377%
13-07-2010,"1,507.16",10.3700,0.6928%
14-07-2010,"1,521.17",14.0100,0.9296%
15-07-2010,"1,532.45",11.2800,0.7415%
16-07-2010,"1,526.67",-5.7800,-0.3772%
19-07-2010,"1,528.75",2.0800,0.1362%
21-07-2010,"1,565.50",36.7500,2.4039%
22-07-2010,"1,566.33",0.8300,0.0530%
23-07-2010,"1,569.86",3.5300,0.2254%
26-07-2010,"1,596.49",26.6300,1.6963%
27-07-2010,"1,602.61",6.1200,0.3833%
28-07-2010,"1,591.33",-11.2800,-0.7039%
29-07-2010,"1,562.05",-29.2800,-1.8400%
30-07-2010,"1,571.62",9.5700,0.6127%
02-08-2010,"1,575.01",3.3900,0.2157%
03-08-2010,"1,586.92",11.9100,0.7562%
04-08-2010,"1,595.44",8.5200,0.5369%
05-08-2010,"1,601.01",5.5700,0.3491%
06-08-2010,"1,580.41",-20.6000,-1.2867%
09-08-2010,"1,582.51",2.1000,0.1329%
10-08-2010,"1,577.34",-5.1700,-0.3267%
11-08-2010,"1,558.12",-19.2200,-1.2185%
12-08-2010,"1,557.42",-0.7000,-0.0449%
13-08-2010,"1,567.78",10.3600,0.6652%
17-08-2010,"1,575.02",7.2400,0.4618%
18-08-2010,"1,581.48",6.4600,0.4102%
19-08-2010,"1,586.73",5.2500,0.3320%
20-08-2010,"1,585.60",-1.1300,-0.0712%
23-08-2010,"1,606.82",21.2200,1.3383%
24-08-2010,"1,605.58",-1.2400,-0.0772%
25-08-2010,"1,602.95",-2.6300,-0.1638%
26-08-2010,"1,616.93",13.9800,0.8721%
27-08-2010,"1,639.89",22.9600,1.4200%
30-08-2010,"1,642.91",3.0200,0.1842%
31-08-2010,"1,664.18",21.2700,1.2947%
01-09-2010,"1,713.81",49.6300,2.9822%
02-09-2010,"1,681.03",-32.7800,-1.9127%
03-09-2010,"1,687.24",6.2100,0.3694%
06-09-2010,"1,719.62",32.3800,1.9191%
07-09-2010,"1,715.27",-4.3500,-0.2530%
08-09-2010,"1,735.68",20.4100,1.1899%
09-09-2010,"1,730.15",-5.5300,-0.3186%
10-09-2010,"1,699.91",-30.2400,-1.7478%
13-09-2010,"1,695.47",-4.4400,-0.2612%
14-09-2010,"1,703.11",7.6400,0.4506%
15-09-2010,"1,693.44",-9.6700,-0.5678%
16-09-2010,"1,691.32",-2.1200,-0.1252%
17-09-2010,"1,691.24",-0.0800,-0.0047%
20-09-2010,"1,709.46",18.2200,1.0773%
21-09-2010,"1,716.15",6.6900,0.3914%
22-09-2010,"1,707.34",-8.8100,-0.5134%
23-09-2010,"1,693.47",-13.8700,-0.8124%
24-09-2010,"1,697.26",3.7900,0.2238%
27-09-2010,"1,711.46",14.2000,0.8366%
28-09-2010,"1,744.84",33.3800,1.9504%
29-09-2010,"1,766.22",21.3800,1.2253%
30-09-2010,"1,769.50",3.2800,0.1857%
01-10-2010,"1,766.79",-2.7100,-0.1532%
04-10-2010,"1,766.42",-0.3700,-0.0209%
05-10-2010,"1,794.73",28.3100,1.6027%
06-10-2010,"1,825.05",30.3200,1.6894%
07-10-2010,"1,808.89",-16.1600,-0.8855%
08-10-2010,"1,826.38",17.4900,0.9669%
11-10-2010,"1,845.91",19.5300,1.0693%
12-10-2010,"1,842.54",-3.3700,-0.1826%
13-10-2010,"1,873.50",30.9600,1.6803%
14-10-2010,"1,855.43",-18.0700,-0.9645%
15-10-2010,"1,833.59",-21.8400,-1.1771%
19-10-2010,"1,857.75",24.1600,1.3176%
20-10-2010,"1,860.52",2.7700,0.1491%
21-10-2010,"1,877.98",17.4600,0.9384%
22-10-2010,"1,906.66",28.6800,1.5272%
25-10-2010,"1,900.10",-6.5600,-0.3441%
26-10-2010,"1,870.75",-29.3500,-1.5447%
27-10-2010,"1,862.84",-7.9100,-0.4228%
28-10-2010,"1,871.21",8.3700,0.4493%
29-10-2010,"1,901.83",30.6200,1.6364%
02-11-2010,"1,913.88",12.0500,0.6336%
03-11-2010,"1,923.28",9.4000,0.4911%
04-11-2010,"1,942.37",19.0900,0.9926%
05-11-2010,"1,940.38",-1.9900,-0.1025%
08-11-2010,"1,939.96",-0.4200,-0.0216%
09-11-2010,"1,938.49",-1.4700,-0.0758%
10-11-2010,"1,889.62",-48.8700,-2.5210%
11-11-2010,"1,841.69",-47.9300,-2.5365%
12-11-2010,"1,795.09",-46.6000,-2.5303%
16-11-2010,"1,729.16",-65.9300,-3.6728%
17-11-2010,"1,786.89",57.7300,3.3386%
18-11-2010,"1,814.13",27.2400,1.5244%
19-11-2010,"1,778.83",-35.3000,-1.9458%
22-11-2010,"1,775.45",-3.3800,-0.1900%
23-11-2010,"1,750.36",-25.0900,-1.4132%
24-11-2010,"1,790.15",39.7900,2.2732%
25-11-2010,"1,784.80",-5.3500,-0.2989%
26-11-2010,"1,770.59",-14.2100,-0.7962%
29-11-2010,"1,762.11",-8.4800,-0.4789%
30-11-2010,"1,779.94",17.8300,1.0119%
01-12-2010,"1,793.55",13.6100,0.7646%
02-12-2010,"1,825.55",32.0000,1.7842%
03-12-2010,"1,830.26",4.7100,0.2580%
06-12-2010,"1,840.29",10.0300,0.5480%
07-12-2010,"1,837.18",-3.1100,-0.1690%
09-12-2010,"1,826.70",-10.4800,-0.5704%
10-12-2010,"1,830.86",4.1600,0.2277%
13-12-2010,"1,841.24",10.3800,0.5669%
14-12-2010,"1,845.71",4.4700,0.2428%
15-12-2010,"1,823.61",-22.1000,-1.1974%
16-12-2010,"1,826.74",3.1300,0.1716%
17-12-2010,"1,823.10",-3.6400,-0.1993%
20-12-2010,"1,815.55",-7.5500,-0.4141%
21-12-2010,"1,824.82",9.2700,0.5106%
22-12-2010,"1,839.59",14.7700,0.8094%
23-12-2010,"1,846.50",6.9100,0.3756%
24-12-2010,"1,853.24",6.7400,0.3650%
27-12-2010,"1,866.12",12.8800,0.6950%
28-12-2010,"1,849.51",-16.6100,-0.8901%
29-12-2010,"1,839.72",-9.7900,-0.5293%
30-12-2010,"1,823.70",-16.0200,-0.8708%
03-01-2011,"1,803.00",-20.7000,-1.1351%
04-01-2011,"1,810.27",7.2700,0.4032%
05-01-2011,"1,790.57",-19.7000,-1.0882%
06-01-2011,"1,766.77",-23.8000,-1.3292%
07-01-2011,"1,781.71",14.9400,0.8456%
11-01-2011,"1,763.08",-18.6300,-1.0456%
12-01-2011,"1,784.10",21.0200,1.1922%
13-01-2011,"1,801.86",17.7600,0.9955%
14-01-2011,"1,796.05",-5.8100,-0.3224%
17-01-2011,"1,801.66",5.6100,0.3124%
18-01-2011,"1,790.41",-11.2500,-0.6244%
19-01-2011,"1,766.21",-24.2000,-1.3516%
20-01-2011,"1,741.61",-24.6000,-1.3928%
21-01-2011,"1,756.48",14.8700,0.8538%
24-01-2011,"1,759.99",3.5100,0.1998%
25-01-2011,"1,754.92",-5.0700,-0.2881%
26-01-2011,"1,771.55",16.6300,0.9476%
27-01-2011,"1,773.04",1.4900,0.0841%
28-01-2011,"1,768.13",-4.9100,-0.2769%
31-01-2011,"1,762.43",-5.7000,-0.3224%
01-02-2011,"1,759.61",-2.8200,-0.1600%
02-02-2011,"1,745.24",-14.3700,-0.8167%
03-02-2011,"1,735.96",-9.2800,-0.5317%
04-02-2011,"1,709.06",-26.9000,-1.5496%
07-02-2011,"1,691.87",-17.1900,-1.0058%
08-02-2011,"1,710.54",18.6700,1.1035%
09-02-2011,"1,696.85",-13.6900,-0.8003%
10-02-2011,"1,687.92",-8.9300,-0.5263%
11-02-2011,"1,694.51",6.5900,0.3904%
14-02-2011,"1,703.39",8.8800,0.5240%
15-02-2011,"1,692.43",-10.9600,-0.6434%
16-02-2011,"1,689.95",-6.4200,-0.3785%
17-02-2011,"1,666.93",-23.0200,-1.3622%
18-02-2011,"1,644.66",-22.2700,-1.3360%
21-02-2011,"1,658.33",13.6700,0.8312%
22-02-2011,"1,661.43",3.1000,0.1869%
23-02-2011,"1,698.63",37.2000,2.2390%
24-02-2011,"1,699.17",0.5400,0.0318%
25-02-2011,"1,713.40",14.2300,0.8375%
28-02-2011,"1,750.97",37.5700,2.1927%
01-03-2011,"1,762.02",11.0500,0.6311%
02-03-2011,"1,760.13",-1.8900,-0.1073%
03-03-2011,"1,782.06",21.9300,1.2459%
04-03-2011,"1,788.14",6.0800,0.3412%
07-03-2011,"1,778.92",-9.2200,-0.5156%
08-03-2011,"1,757.98",-20.9400,-1.1771%
09-03-2011,"1,765.67",7.6900,0.4374%
10-03-2011,"1,728.54",-37.1300,-2.1029%
11-03-2011,"1,699.01",-29.5300,-1.7084%
14-03-2011,"1,685.54",-13.4700,-0.7928%
15-03-2011,"1,645.96",-39.5800,-2.3482%
16-03-2011,"1,638.58",-7.3800,-0.4484%
17-03-2011,"1,708.98",70.4000,4.2964%
18-03-2011,"1,739.16",30.1800,1.7660%
22-03-2011,"1,740.98",1.8200,0.1046%
23-03-2011,"1,743.02",2.0400,0.1172%
24-03-2011,"1,742.05",-0.9700,-0.0557%
25-03-2011,"1,727.79",-14.2600,-0.8186%
28-03-2011,"1,721.70",-6.0900,-0.3525%
29-03-2011,"1,708.76",-12.9400,-0.7516%
30-03-2011,"1,703.93",-4.8300,-0.2827%
31-03-2011,"1,718.45",14.5200,0.8521%
01-04-2011,"1,708.59",-9.8600,-0.5738%
04-04-2011,"1,707.14",-1.4500,-0.0849%
05-04-2011,"1,719.39",12.2500,0.7176%
06-04-2011,"1,724.42",5.0300,0.2925%
07-04-2011,"1,723.94",-0.4800,-0.0278%
08-04-2011,"1,708.66",-15.2800,-0.8863%
11-04-2011,"1,703.10",-5.5600,-0.3254%
12-04-2011,"1,676.58",-26.5200,-1.5572%
13-04-2011,"1,682.54",5.9600,0.3555%
14-04-2011,"1,670.12",-12.4200,-0.7382%
15-04-2011,"1,670.18",0.0600,0.0036%
18-04-2011,"1,653.76",-16.4200,-0.9831%
19-04-2011,"1,661.23",7.4700,0.4517%
20-04-2011,"1,691.73",30.5000,1.8360%
25-04-2011,"1,689.11",-2.6200,-0.1549%
26-04-2011,"1,697.39",8.2800,0.4902%
27-04-2011,"1,690.59",-6.8000,-0.4006%
28-04-2011,"1,697.39",6.8000,0.4022%
29-04-2011,"1,700.68",3.2900,0.1938%
02-05-2011,"1,692.14",-8.5400,-0.5022%
03-05-2011,"1,671.95",-20.1900,-1.1932%
04-05-2011,"1,675.38",3.4300,0.2051%
05-05-2011,"1,643.30",-32.0800,-1.9148%
06-05-2011,"1,652.88",9.5800,0.5830%
09-05-2011,"1,670.42",17.5400,1.0612%
10-05-2011,"1,692.77",22.3500,1.3380%
11-05-2011,"1,697.55",4.7800,0.2824%
12-05-2011,"1,703.03",5.4800,0.3228%
13-05-2011,"1,706.76",3.7300,0.2190%
16-05-2011,"1,700.03",-6.7300,-0.3943%
17-05-2011,"1,713.15",13.1200,0.7718%
18-05-2011,"1,710.67",-2.4800,-0.1448%
19-05-2011,"1,706.13",-4.5400,-0.2654%
20-05-2011,"1,710.50",4.3700,0.2561%
23-05-2011,"1,709.07",-1.4300,-0.0836%
24-05-2011,"1,721.44",12.3700,0.7238%
25-05-2011,"1,717.92",-3.5200,-0.2045%
26-05-2011,"1,733.20",15.2800,0.8894%
27-05-2011,"1,732.02",-1.1800,-0.0681%
30-05-2011,"1,737.87",5.8500,0.3378%
31-05-2011,"1,760.40",22.5300,1.2964%
01-06-2011,"1,753.64",-6.7600,-0.3840%
02-06-2011,"1,752.74",-0.9000,-0.0513%
03-06-2011,"1,753.31",0.5700,0.0325%
07-06-2011,"1,750.15",-3.1600,-0.1802%
08-06-2011,"1,755.85",5.7000,0.3257%
09-06-2011,"1,753.20",-2.6500,-0.1509%
10-06-2011,"1,751.77",-1.4300,-0.0816%
13-06-2011,"1,730.00",-21.7700,-1.2427%
14-06-2011,"1,729.69",-0.3100,-0.0179%
15-06-2011,"1,701.98",-27.7100,-1.6020%
16-06-2011,"1,701.45",-0.5300,-0.0311%
17-06-2011,"1,702.44",0.9900,0.0582%
20-06-2011,"1,697.00",-5.4400,-0.3195%
21-06-2011,"1,709.27",12.2700,0.7230%
22-06-2011,"1,721.61",12.3400,0.7219%
23-06-2011,"1,712.98",-8.6300,-0.5013%
24-06-2011,"1,710.15",-2.8300,-0.1652%
28-06-2011,"1,711.42",1.2700,0.0743%
29-06-2011,"1,718.91",7.4900,0.4376%
30-06-2011,"1,700.43",-18.4800,-1.0751%
01-07-2011,"1,707.03",6.6000,0.3881%
05-07-2011,"1,716.02",8.9900,0.5266%
06-07-2011,"1,677.40",-38.6200,-2.2506%
07-07-2011,"1,673.86",-3.5400,-0.2110%
08-07-2011,"1,656.36",-17.5000,-1.0455%
11-07-2011,"1,612.67",-43.6900,-2.6377%
12-07-2011,"1,597.89",-14.7800,-0.9165%
13-07-2011,"1,610.84",12.9500,0.8104%
14-07-2011,"1,585.16",-25.6800,-1.5942%
15-07-2011,"1,584.07",-1.0900,-0.0688%
18-07-2011,"1,589.30",5.2300,0.3302%
19-07-2011,"1,628.20",38.9000,2.4476%
21-07-2011,"1,644.74",16.5400,1.0158%
22-07-2011,"1,645.71",0.9700,0.0590%
25-07-2011,"1,655.68",9.9700,0.6058%
26-07-2011,"1,664.25",8.5700,0.5176%
27-07-2011,"1,652.59",-11.6600,-0.7006%
28-07-2011,"1,671.32",18.7300,1.1334%
29-07-2011,"1,659.39",-11.9300,-0.7138%
01-08-2011,"1,669.63",10.2400,0.6171%
02-08-2011,"1,658.98",-10.6500,-0.6379%
03-08-2011,"1,651.57",-7.4100,-0.4467%
04-08-2011,"1,601.41",-50.1600,-3.0371%
05-08-2011,"1,588.10",-13.3100,-0.8311%
08-08-2011,"1,535.48",-52.6200,-3.3134%
09-08-2011,"1,578.06",42.5800,2.7731%
10-08-2011,"1,582.20",4.1400,0.2623%
11-08-2011,"1,600.32",18.1200,1.1452%
12-08-2011,"1,611.13",10.8100,0.6755%
16-08-2011,"1,620.63",9.5000,0.5896%
17-08-2011,"1,624.14",3.5100,0.2166%
18-08-2011,"1,581.30",-42.8400,-2.6377%
19-08-2011,"1,573.10",-8.2000,-0.5186%
22-08-2011,"1,572.63",-0.4700,-0.0299%
23-08-2011,"1,594.98",22.3500,1.4212%
24-08-2011,"1,606.58",11.6000,0.7273%
25-08-2011,"1,597.83",-8.7500,-0.5446%
26-08-2011,"1,598.55",0.7200,0.0451%
29-08-2011,"1,621.76",23.2100,1.4519%
30-08-2011,"1,642.79",21.0300,1.2967%
31-08-2011,"1,642.04",-0.2600,-0.0158%
01-09-2011,"1,642.90",0.3700,0.0225%
02-09-2011,"1,642.54",-0.3600,-0.0219%
05-09-2011,"1,610.98",-31.5600,-1.9214%
06-09-2011,"1,634.33",23.3500,1.4494%
07-09-2011,"1,646.88",12.5500,0.7679%
08-09-2011,"1,645.06",-1.8200,-0.1105%
09-09-2011,"1,631.87",-13.1900,-0.8018%
12-09-2011,"1,629.90",-1.9700,-0.1207%
13-09-2011,"1,634.16",4.2600,0.2614%
14-09-2011,"1,640.37",6.2100,0.3800%
15-09-2011,"1,659.03",18.6600,1.1375%
16-09-2011,"1,684.37",25.3400,1.5274%
19-09-2011,"1,680.37",-4.0000,-0.2375%
20-09-2011,"1,676.51",-3.8600,-0.2297%
21-09-2011,"1,656.33",-20.1800,-1.2037%
22-09-2011,"1,607.91",-48.4200,-2.9233%
23-09-2011,"1,593.69",-14.2200,-0.8844%
26-09-2011,"1,584.30",-9.3900,-0.5892%
27-09-2011,"1,593.65",9.3500,0.5902%
28-09-2011,"1,586.55",-7.1000,-0.4455%
29-09-2011,"1,602.97",16.4200,1.0350%
30-09-2011,"1,584.75",-18.2200,-1.1366%
03-10-2011,"1,550.95",-33.8000,-2.1328%
04-10-2011,"1,567.69",16.7400,1.0793%
05-10-2011,"1,578.70",11.0100,0.7023%
06-10-2011,"1,589.68",10.9800,0.6955%
07-10-2011,"1,583.86",-5.8200,-0.3661%
10-10-2011,"1,602.25",18.3900,1.1611%
11-10-2011,"1,596.70",-5.5500,-0.3464%
12-10-2011,"1,610.92",14.2200,0.8906%
13-10-2011,"1,612.34",1.4200,0.0881%
14-10-2011,"1,618.42",6.0800,0.3771%
18-10-2011,"1,627.69",9.2700,0.5728%
19-10-2011,"1,615.59",-12.1000,-0.7434%
20-10-2011,"1,619.15",3.5600,0.2204%
21-10-2011,"1,627.27",8.1200,0.5015%
24-10-2011,"1,634.43",7.1600,0.4400%
25-10-2011,"1,620.98",-13.4500,-0.8229%
26-10-2011,"1,623.33",2.3500,0.1450%
27-10-2011,"1,639.95",16.6200,1.0238%
28-10-2011,"1,636.50",-3.4500,-0.2104%
31-10-2011,"1,622.23",-14.2700,-0.8720%
01-11-2011,"1,597.17",-25.0600,-1.5448%
02-11-2011,"1,595.20",-1.9700,-0.1233%
03-11-2011,"1,609.71",14.5100,0.9096%
04-11-2011,"1,600.14",-9.5700,-0.5945%
08-11-2011,"1,606.91",6.7700,0.4231%
09-11-2011,"1,581.37",-25.5400,-1.5894%
10-11-2011,"1,573.50",-7.8700,-0.4977%
11-11-2011,"1,582.14",8.6400,0.5491%
15-11-2011,"1,579.39",-2.7500,-0.1738%
16-11-2011,"1,571.96",-7.4300,-0.4704%
17-11-2011,"1,570.15",-1.8100,-0.1151%
18-11-2011,"1,562.55",-7.6000,-0.4840%
21-11-2011,"1,545.32",-17.2300,-1.1027%
22-11-2011,"1,544.24",-1.0800,-0.0699%
23-11-2011,"1,496.65",-47.5900,-3.0818%
24-11-2011,"1,492.30",-4.3500,-0.2906%
25-11-2011,"1,482.59",-9.7100,-0.6507%
28-11-2011,"1,512.95",30.3600,2.0478%
29-11-2011,"1,525.05",12.1000,0.7998%
30-11-2011,"1,561.07",36.0200,2.3619%
01-12-2011,"1,575.56",14.4900,0.9282%
02-12-2011,"1,586.85",11.2900,0.7166%
05-12-2011,"1,574.81",-12.0400,-0.7587%
06-12-2011,"1,544.21",-30.6000,-1.9431%
07-12-2011,"1,576.49",32.2800,2.0904%
09-12-2011,"1,577.86",1.3700,0.0869%
12-12-2011,"1,572.06",-5.8000,-0.3676%
13-12-2011,"1,568.09",-3.9700,-0.2525%
14-12-2011,"1,546.37",-21.7200,-1.3851%
15-12-2011,"1,541.90",-4.4700,-0.2891%
16-12-2011,"1,571.89",29.9900,1.9450%
19-12-2011,"1,561.06",-10.8300,-0.6890%
20-12-2011,"1,579.47",18.4100,1.1793%
21-12-2011,"1,586.41",6.9400,0.4394%
22-12-2011,"1,599.74",13.3300,0.8403%
23-12-2011,"1,600.40",0.6600,0.0413%
26-12-2011,"1,592.11",-8.2900,-0.5180%
27-12-2011,"1,584.91",-7.2000,-0.4522%
28-12-2011,"1,589.38",4.4700,0.2820%
29-12-2011,"1,571.55",-17.8300,-1.1218%
02-01-2012,"1,577.71",6.1600,0.3920%
03-01-2012,"1,601.87",24.1600,1.5313%
04-01-2012,"1,606.48",4.6100,0.2878%
05-01-2012,"1,606.09",-0.3900,-0.0243%
06-01-2012,"1,599.69",-6.4000,-0.3985%
10-01-2012,"1,618.88",19.1900,1.1996%
11-01-2012,"1,609.94",-8.9400,-0.5522%
12-01-2012,"1,585.81",-24.1300,-1.4988%
13-01-2012,"1,592.82",7.0100,0.4420%
16-01-2012,"1,578.22",-14.6000,-0.9166%
17-01-2012,"1,597.95",19.7300,1.2501%
18-01-2012,"1,613.67",15.7200,0.9838%
19-01-2012,"1,606.49",-7.1800,-0.4449%
20-01-2012,"1,607.26",0.7700,0.0479%
23-01-2012,"1,609.92",2.6600,0.1655%
24-01-2012,"1,605.29",-4.6300,-0.2876%
25-01-2012,"1,602.73",-2.5600,-0.1595%
26-01-2012,"1,601.27",-1.4600,-0.0911%
27-01-2012,"1,595.77",-5.5000,-0.3435%
30-01-2012,"1,614.01",18.2400,1.1430%
31-01-2012,"1,633.62",19.6100,1.2150%
01-02-2012,"1,634.00",0.3800,0.0233%
02-02-2012,"1,642.73",8.7300,0.5343%
03-02-2012,"1,643.43",0.7000,0.0426%
06-02-2012,"1,642.15",-1.2800,-0.0779%
07-02-2012,"1,649.71",7.5600,0.4604%
08-02-2012,"1,655.43",5.7200,0.3467%
09-02-2012,"1,658.67",3.2400,0.1957%
10-02-2012,"1,657.28",-1.3900,-0.0838%
13-02-2012,"1,669.47",12.1900,0.7355%
14-02-2012,"1,674.22",4.7500,0.2845%
15-02-2012,"1,677.16",2.9400,0.1756%
16-02-2012,"1,705.02",27.8600,1.6611%
17-02-2012,"1,710.76",5.7400,0.3367%
20-02-2012,"1,714.26",3.5000,0.2046%
21-02-2012,"1,700.22",-14.0400,-0.8190%
22-02-2012,"1,703.29",3.0700,0.1806%
23-02-2012,"1,720.51",17.2200,1.0110%
24-02-2012,"1,718.51",-2.0000,-0.1162%
27-02-2012,"1,706.70",-11.8100,-0.6872%
28-02-2012,"1,698.81",-7.8900,-0.4623%
29-02-2012,"1,730.46",31.6500,1.8631%
01-03-2012,"1,740.64",10.1800,0.5883%
02-03-2012,"1,739.94",-0.7000,-0.0402%
05-03-2012,"1,735.25",-4.6900,-0.2695%
06-03-2012,"1,707.85",-27.4000,-1.5790%
07-03-2012,"1,712.59",4.7400,0.2775%
08-03-2012,"1,724.74",12.1500,0.7095%
09-03-2012,"1,724.62",-0.1200,-0.0070%
12-03-2012,"1,718.86",-5.7600,-0.3340%
13-03-2012,"1,747.23",28.3700,1.6505%
14-03-2012,"1,740.55",-6.6800,-0.3823%
15-03-2012,"1,739.08",-1.4700,-0.0845%
16-03-2012,"1,705.00",-34.0800,-1.9597%
20-03-2012,"1,713.25",8.2500,0.4839%
21-03-2012,"1,714.28",1.0300,0.0601%
22-03-2012,"1,706.08",-8.2000,-0.4783%
23-03-2012,"1,732.23",26.1500,1.5328%
26-03-2012,"1,747.80",15.5700,0.8988%
27-03-2012,"1,736.81",-10.9900,-0.6288%
28-03-2012,"1,737.36",0.5500,0.0317%
29-03-2012,"1,751.47",14.1100,0.8122%
30-03-2012,"1,743.63",-7.8400,-0.4476%
02-04-2012,"1,741.76",-1.8700,-0.1072%
03-04-2012,"1,741.87",0.1100,0.0063%
04-04-2012,"1,742.90",1.0300,0.0591%
09-04-2012,"1,744.02",1.1200,0.0643%
10-04-2012,"1,739.48",-4.5400,-0.2603%
11-04-2012,"1,755.43",15.9500,0.9169%
12-04-2012,"1,756.27",0.8400,0.0479%
13-04-2012,"1,748.70",-7.5700,-0.4310%
16-04-2012,"1,761.03",12.3300,0.7051%
17-04-2012,"1,765.55",4.5200,0.2567%
18-04-2012,"1,762.93",-2.6200,-0.1484%
19-04-2012,"1,750.70",-12.2300,-0.6937%
23-04-2012,"1,746.29",-8.2700,-0.4713%
24-04-2012,"1,736.95",-9.3400,-0.5348%
25-04-2012,"1,749.43",12.4800,0.7185%
26-04-2012,"1,759.62",10.1900,0.5825%
27-04-2012,"1,769.49",9.8700,0.5609%
30-04-2012,"1,785.66",16.1700,0.9138%
02-05-2012,"1,814.12",28.4600,1.5938%
03-05-2012,"1,812.08",-2.0400,-0.1125%
04-05-2012,"1,799.25",-12.8300,-0.7080%
07-05-2012,"1,802.34",3.0900,0.1717%
08-05-2012,"1,796.45",-5.8900,-0.3268%
09-05-2012,"1,793.63",-2.8200,-0.1570%
10-05-2012,"1,779.53",-14.1000,-0.7861%
11-05-2012,"1,775.80",-3.7300,-0.2096%
14-05-2012,"1,740.03",-35.7700,-2.0143%
15-05-2012,"1,733.67",-6.3600,-0.3655%
16-05-2012,"1,737.27",3.6000,0.2077%
17-05-2012,"1,707.10",-30.1700,-1.7366%
18-05-2012,"1,715.45",8.3500,0.4891%
22-05-2012,"1,732.77",17.3200,1.0096%
23-05-2012,"1,727.34",-5.4300,-0.3134%
24-05-2012,"1,720.08",-7.2600,-0.4203%
25-05-2012,"1,713.33",-6.7500,-0.3924%
28-05-2012,"1,701.09",-12.2400,-0.7144%
29-05-2012,"1,712.03",10.9400,0.6431%
30-05-2012,"1,693.06",-18.9700,-1.1080%
31-05-2012,"1,726.55",33.4900,1.9781%
01-06-2012,"1,680.44",-46.1100,-2.6706%
04-06-2012,"1,664.04",-16.4000,-0.9759%
05-06-2012,"1,660.65",-3.3900,-0.2037%
06-06-2012,"1,673.34",12.6900,0.7642%
07-06-2012,"1,676.44",3.1000,0.1853%
08-06-2012,"1,672.84",-3.6000,-0.2147%
12-06-2012,"1,656.57",-16.2700,-0.9726%
13-06-2012,"1,653.02",-3.5500,-0.2143%
14-06-2012,"1,665.18",12.1600,0.7356%
15-06-2012,"1,649.50",-15.6800,-0.9416%
19-06-2012,"1,676.53",27.0300,1.6387%
20-06-2012,"1,686.60",10.0700,0.6006%
21-06-2012,"1,638.93",-47.6700,-2.8264%
22-06-2012,"1,633.51",-5.4200,-0.3307%
25-06-2012,"1,593.97",-39.5400,-2.4206%
26-06-2012,"1,595.32",1.3500,0.0847%
27-06-2012,"1,626.87",31.5500,1.9777%
28-06-2012,"1,610.49",-16.3800,-1.0068%
29-06-2012,"1,640.01",29.5200,1.8330%
03-07-2012,"1,669.72",29.7100,1.8116%
04-07-2012,"1,666.75",-2.9700,-0.1779%
05-07-2012,"1,673.30",6.5500,0.3930%
06-07-2012,"1,667.44",-5.8600,-0.3502%
09-07-2012,"1,660.33",-7.1100,-0.4264%
10-07-2012,"1,654.13",-6.2000,-0.3734%
11-07-2012,"1,666.08",11.9500,0.7224%
12-07-2012,"1,644.65",-21.4300,-1.2863%
13-07-2012,"1,657.84",13.1900,0.8020%
16-07-2012,"1,655.10",-2.7400,-0.1653%
17-07-2012,"1,660.46",5.3600,0.3238%
18-07-2012,"1,665.54",5.0800,0.3059%
19-07-2012,"1,671.02",5.4800,0.3290%
23-07-2012,"1,658.12",-12.9000,-0.7720%
24-07-2012,"1,658.80",0.6800,0.0410%
25-07-2012,"1,642.76",-16.0400,-0.9670%
26-07-2012,"1,650.02",7.2600,0.4419%
27-07-2012,"1,684.97",34.9500,2.1182%
30-07-2012,"1,683.09",-1.8800,-0.1116%
31-07-2012,"1,673.87",-9.2200,-0.5478%
01-08-2012,"1,668.16",-5.7100,-0.3411%
02-08-2012,"1,651.66",-16.5000,-0.9891%
03-08-2012,"1,644.62",-7.0400,-0.4262%
06-08-2012,"1,638.69",-5.9300,-0.3606%
08-08-2012,"1,612.62",-26.0700,-1.5909%
09-08-2012,"1,652.22",39.6000,2.4556%
10-08-2012,"1,661.68",9.4600,0.5726%
13-08-2012,"1,656.32",-5.3600,-0.3226%
14-08-2012,"1,667.12",10.8000,0.6520%
15-08-2012,"1,678.45",11.3300,0.6796%
16-08-2012,"1,684.47",6.0200,0.3587%
17-08-2012,"1,686.75",2.2800,0.1354%
21-08-2012,"1,673.75",-13.0000,-0.7707%
22-08-2012,"1,677.78",4.0300,0.2408%
23-08-2012,"1,679.00",1.2200,0.0727%
24-08-2012,"1,672.59",-6.4100,-0.3818%
27-08-2012,"1,675.66",3.0700,0.1835%
28-08-2012,"1,683.20",7.5400,0.4500%
29-08-2012,"1,675.20",-8.0000,-0.4753%
30-08-2012,"1,667.96",-7.2400,-0.4322%
31-08-2012,"1,668.50",0.5400,0.0324%
03-09-2012,"1,667.10",-1.4000,-0.0839%
04-09-2012,"1,655.20",-11.9000,-0.7138%
05-09-2012,"1,650.16",-5.0400,-0.3045%
06-09-2012,"1,680.96",30.8000,1.8665%
07-09-2012,"1,689.54",8.5800,0.5104%
10-09-2012,"1,683.06",-6.4800,-0.3835%
11-09-2012,"1,685.20",2.1400,0.1271%
12-09-2012,"1,683.19",-2.0100,-0.1193%
13-09-2012,"1,695.77",12.5800,0.7474%
14-09-2012,"1,708.52",12.7500,0.7519%
17-09-2012,"1,681.37",-27.1500,-1.5891%
18-09-2012,"1,688.66",7.2900,0.4336%
19-09-2012,"1,705.10",16.4400,0.9736%
20-09-2012,"1,703.79",-1.3100,-0.0768%
21-09-2012,"1,709.38",5.5900,0.3281%
24-09-2012,"1,696.13",-13.2500,-0.7751%
25-09-2012,"1,686.10",-10.0300,-0.5913%
26-09-2012,"1,683.52",-2.5800,-0.1530%
27-09-2012,"1,695.75",12.2300,0.7265%
28-09-2012,"1,681.08",-14.6700,-0.8651%
01-10-2012,"1,683.40",2.3200,0.1380%
02-10-2012,"1,695.46",12.0600,0.7164%
03-10-2012,"1,692.75",-2.7100,-0.1598%
04-10-2012,"1,703.70",10.9500,0.6469%
05-10-2012,"1,704.62",0.9200,0.0540%
08-10-2012,"1,702.03",-2.5900,-0.1519%
09-10-2012,"1,695.89",-6.1400,-0.3607%
10-10-2012,"1,698.16",2.2700,0.1339%
11-10-2012,"1,700.28",2.1200,0.1248%
12-10-2012,"1,706.50",6.2200,0.3658%
16-10-2012,"1,721.62",15.1200,0.8860%
17-10-2012,"1,753.63",32.0100,1.8593%
18-10-2012,"1,775.30",21.6700,1.2357%
19-10-2012,"1,780.11",4.8100,0.2709%
22-10-2012,"1,795.74",15.6300,0.8780%
23-10-2012,"1,790.49",-5.2500,-0.2924%
24-10-2012,"1,795.58",5.0900,0.2843%
25-10-2012,"1,832.14",36.5600,2.0361%
26-10-2012,"1,830.06",-2.0800,-0.1135%
29-10-2012,"1,835.82",5.7600,0.3147%
30-10-2012,"1,813.40",-22.4200,-1.2213%
31-10-2012,"1,809.93",-3.4700,-0.1914%
01-11-2012,"1,771.46",-38.4700,-2.1255%
02-11-2012,"1,754.39",-17.0700,-0.9636%
06-11-2012,"1,742.77",-11.6200,-0.6623%
07-11-2012,"1,700.88",-41.8900,-2.4036%
08-11-2012,"1,745.40",44.5200,2.6175%
09-11-2012,"1,749.79",4.3900,0.2515%
13-11-2012,"1,743.09",-6.7000,-0.3829%
14-11-2012,"1,730.70",-12.3900,-0.7108%
15-11-2012,"1,741.54",10.8400,0.6263%
16-11-2012,"1,739.37",-2.1700,-0.1246%
19-11-2012,"1,743.83",4.4600,0.2564%
20-11-2012,"1,743.33",-0.5000,-0.0287%
21-11-2012,"1,748.26",4.9300,0.2828%
22-11-2012,"1,746.00",-2.2600,-0.1293%
23-11-2012,"1,743.39",-2.6100,-0.1495%
26-11-2012,"1,735.06",-8.3300,-0.4778%
27-11-2012,"1,733.01",-2.0500,-0.1182%
28-11-2012,"1,738.19",5.1800,0.2989%
29-11-2012,"1,747.27",9.0800,0.5224%
30-11-2012,"1,759.53",12.2600,0.7017%
03-12-2012,"1,767.42",7.8900,0.4484%
04-12-2012,"1,773.75",6.3300,0.3581%
05-12-2012,"1,792.97",19.2200,1.0836%
06-12-2012,"1,796.93",3.9600,0.2209%
07-12-2012,"1,800.19",3.2600,0.1814%
10-12-2012,"1,803.63",3.4400,0.1911%
11-12-2012,"1,814.31",10.6800,0.5921%
12-12-2012,"1,818.73",4.4200,0.2436%
13-12-2012,"1,812.26",-6.4700,-0.3557%
14-12-2012,"1,806.78",-5.4800,-0.3024%
17-12-2012,"1,808.61",1.8300,0.1013%
18-12-2012,"1,809.56",0.9500,0.0525%
19-12-2012,"1,821.91",12.3500,0.6825%
20-12-2012,"1,815.15",-6.7600,-0.3710%
21-12-2012,"1,814.73",-0.4200,-0.0231%
24-12-2012,"1,825.23",10.5000,0.5786%
26-12-2012,"1,822.46",-2.7700,-0.1518%
27-12-2012,"1,835.38",12.9200,0.7089%
28-12-2012,"1,832.75",-2.6300,-0.1433%
02-01-2013,"1,824.93",-7.8200,-0.4267%
03-01-2013,"1,842.71",17.7800,0.9743%
04-01-2013,"1,848.41",5.7000,-100.0000%
08-01-2013,"1,832.04",-16.3700,-0.8856%
09-01-2013,"1,844.33",12.2900,0.6708%
10-01-2013,"1,837.77",-6.5600,-0.3557%
11-01-2013,"1,837.01",-0.7600,-0.0414%
14-01-2013,"1,840.19",3.1800,0.1731%
15-01-2013,"1,838.70",-1.4900,-0.0810%
16-01-2013,"1,841.42",2.7200,0.1479%
17-01-2013,"1,833.38",-8.0400,-0.4366%
18-01-2013,"1,845.22",11.8400,0.6458%
21-01-2013,"1,843.72",-1.5000,-0.0813%
22-01-2013,"1,852.93",9.2100,0.4995%
23-01-2013,"1,856.36",3.4300,0.1851%
24-01-2013,"1,863.83",7.4700,0.4024%
25-01-2013,"1,866.62",2.7900,0.1497%
28-01-2013,"1,859.88",-6.7400,-0.3611%
29-01-2013,"1,867.65",7.7700,0.4178%
30-01-2013,"1,869.98",2.3300,0.1248%
31-01-2013,"1,866.21",-3.7700,-0.2016%
01-02-2013,"1,878.38",12.1700,0.6521%
04-02-2013,"1,876.35",-2.0300,-0.1081%
05-02-2013,"1,889.30",12.9500,0.6902%
06-02-2013,"1,880.02",-9.2800,-0.4912%
07-02-2013,"1,870.50",-9.5200,-0.5064%
08-02-2013,"1,870.73",0.2300,0.0123%
11-02-2013,"1,858.65",-12.0800,-0.6457%
12-02-2013,"1,860.30",1.6500,0.0888%
13-02-2013,"1,873.38",13.0800,0.7031%
14-02-2013,"1,873.52",0.1400,0.0075%
15-02-2013,"1,859.54",-13.9800,-0.7462%
18-02-2013,"1,862.53",2.9900,0.1608%
19-02-2013,"1,849.53",-13.0000,-0.6980%
20-02-2013,"1,845.03",-4.5000,-0.2433%
21-02-2013,"1,844.07",-0.9600,-0.0520%
22-02-2013,"1,851.93",7.8600,0.4262%
25-02-2013,"1,852.96",1.0300,0.0556%
26-02-2013,"1,846.31",-6.6500,-0.3589%
27-02-2013,"1,847.63",1.3200,0.0715%
28-02-2013,"1,844.49",-3.1400,-0.1699%
01-03-2013,"1,839.74",-4.7500,-0.2575%
04-03-2013,"1,822.46",-17.2800,-0.9393%
05-03-2013,"1,815.27",-7.1900,-0.3945%
06-03-2013,"1,806.97",-8.3000,-0.4572%
07-03-2013,"1,790.98",-15.9900,-0.8849%
08-03-2013,"1,792.26",1.2800,0.0715%
11-03-2013,"1,793.99",1.7300,0.0965%
12-03-2013,"1,800.66",6.6700,0.3718%
13-03-2013,"1,790.10",-10.5600,-0.5865%
14-03-2013,"1,789.81",-0.2900,-0.0162%
15-03-2013,"1,806.67",16.8600,0.9420%
18-03-2013,"1,796.57",-10.1000,-0.5590%
19-03-2013,"1,760.23",-36.3400,-2.0227%
20-03-2013,"1,759.56",-0.6700,-0.0381%
21-03-2013,"1,758.44",-1.1200,-0.0637%
22-03-2013,"1,760.05",1.6100,0.0916%
26-03-2013,"1,773.98",13.9300,0.7915%
27-03-2013,"1,774.86",0.8800,0.0496%
01-04-2013,"1,770.09",-4.7700,-0.2688%
02-04-2013,"1,769.61",-0.4800,-0.0271%
03-04-2013,"1,746.90",-22.7100,-1.2833%
04-04-2013,"1,756.97",10.0700,0.5764%
05-04-2013,"1,758.88",1.9100,0.1087%
08-04-2013,"1,745.89",-12.9900,-0.7385%
09-04-2013,"1,739.58",-6.3100,-0.3614%
10-04-2013,"1,742.18",2.6000,0.1495%
11-04-2013,"1,750.72",8.5400,0.4902%
12-04-2013,"1,733.90",-16.8200,-0.9607%
15-04-2013,"1,682.20",-51.7000,-2.9817%
16-04-2013,"1,705.48",23.2800,1.3839%
17-04-2013,"1,699.94",-5.5400,-0.3248%
18-04-2013,"1,703.49",3.5500,0.2088%
19-04-2013,"1,705.98",2.4900,0.1462%
22-04-2013,"1,713.68",7.7000,0.4514%
23-04-2013,"1,713.35",-0.3300,-0.0193%
24-04-2013,"1,715.77",2.4200,0.1412%
25-04-2013,"1,715.96",0.1900,0.0111%
26-04-2013,"1,705.11",-10.8500,-0.6323%
29-04-2013,"1,700.13",-4.9800,-0.2921%
30-04-2013,"1,684.88",-15.2500,-0.8970%
02-05-2013,"1,695.64",10.7600,0.6386%
03-05-2013,"1,698.54",2.9000,0.1710%
06-05-2013,"1,686.81",-11.7300,-0.6906%
07-05-2013,"1,688.35",1.5400,0.0913%
08-05-2013,"1,674.30",-14.0500,-0.8322%
09-05-2013,"1,674.21",-0.0900,-0.0054%
10-05-2013,"1,654.77",-19.4400,-1.1611%
14-05-2013,"1,663.53",8.7600,0.5294%
15-05-2013,"1,677.53",14.0000,0.8416%
16-05-2013,"1,686.64",9.1100,0.5431%
17-05-2013,"1,689.89",3.2500,0.1927%
20-05-2013,"1,681.81",-8.0800,-0.4781%
21-05-2013,"1,690.57",8.7600,0.5209%
22-05-2013,"1,694.68",4.1100,0.2431%
23-05-2013,"1,699.53",4.8500,0.2862%
24-05-2013,"1,704.66",5.1300,0.3018%
27-05-2013,"1,704.20",-0.4600,-0.0270%
28-05-2013,"1,716.23",12.0300,0.7059%
29-05-2013,"1,708.44",-7.7900,-0.4539%
30-05-2013,"1,702.68",-5.7600,-0.3371%
31-05-2013,"1,666.25",-36.4300,-2.1396%
04-06-2013,"1,685.12",18.8700,1.1325%
05-06-2013,"1,682.02",-3.1000,-0.1840%
06-06-2013,"1,677.52",-4.5000,-0.2675%
07-06-2013,"1,672.83",-4.6900,-0.2796%
11-06-2013,"1,653.52",-19.3100,-1.1543%
12-06-2013,"1,629.70",-23.8200,-1.4406%
13-06-2013,"1,629.59",-0.1100,-0.0067%
14-06-2013,"1,636.90",7.3100,0.4486%
17-06-2013,"1,635.23",-1.6700,-0.1020%
18-06-2013,"1,655.85",20.6200,1.2610%
19-06-2013,"1,650.73",-5.1200,-0.3092%
20-06-2013,"1,614.17",-36.5600,-2.2148%
21-06-2013,"1,595.35",-18.8200,-1.1659%
24-06-2013,"1,570.66",-24.6900,-1.5476%
25-06-2013,"1,557.29",-13.3700,-0.8512%
26-06-2013,"1,574.50",17.2100,1.1051%
27-06-2013,"1,577.39",2.8900,0.1836%
28-06-2013,"1,615.84",38.4500,2.4376%
02-07-2013,"1,613.05",-2.7900,-0.1727%
03-07-2013,"1,607.03",-6.0200,-0.3732%
04-07-2013,"1,610.45",3.4200,0.2128%
05-07-2013,"1,597.41",-13.0400,-0.8097%
08-07-2013,"1,586.14",-11.2700,-0.7055%
09-07-2013,"1,575.68",-10.4600,-0.6595%
10-07-2013,"1,550.70",-24.9800,-1.5853%
11-07-2013,"1,584.43",33.7300,2.1751%
12-07-2013,"1,604.24",19.8100,1.2503%
15-07-2013,"1,634.75",30.5100,1.9018%
16-07-2013,"1,644.74",9.9900,0.6111%
17-07-2013,"1,666.87",22.1300,1.3455%
18-07-2013,"1,680.11",13.2400,0.7943%
19-07-2013,"1,685.63",5.5200,0.3285%
22-07-2013,"1,666.29",-19.3400,-1.1473%
23-07-2013,"1,694.59",28.3000,1.6984%
24-07-2013,"1,704.86",10.2700,0.6060%
25-07-2013,"1,701.29",-3.5700,-0.2094%
26-07-2013,"1,694.34",-6.9500,-0.4085%
29-07-2013,"1,689.53",-4.8100,-0.2839%
30-07-2013,"1,694.90",5.3700,0.3178%
31-07-2013,"1,680.70",-14.2000,-0.8378%
01-08-2013,"1,706.00",25.3000,1.5053%
02-08-2013,"1,721.95",15.9500,0.9349%
05-08-2013,"1,718.45",-3.5000,-0.2033%
06-08-2013,"1,720.03",1.5800,0.0919%
08-08-2013,"1,716.40",-3.6300,-0.2110%
09-08-2013,"1,720.67",4.2700,0.2488%
12-08-2013,"1,722.91",2.2400,0.1302%
13-08-2013,"1,736.35",13.4400,0.7801%
14-08-2013,"1,747.11",10.7600,0.6197%
15-08-2013,"1,730.41",-16.7000,-0.9559%
16-08-2013,"1,727.74",-2.6700,-0.1543%
20-08-2013,"1,725.64",-2.1000,-0.1215%
21-08-2013,"1,723.34",-2.3000,-0.1333%
22-08-2013,"1,722.35",-0.9900,-0.0574%
23-08-2013,"1,720.68",-1.6700,-0.0970%
26-08-2013,"1,714.15",-6.5300,-0.3795%
27-08-2013,"1,714.14",-0.0100,-0.0006%
28-08-2013,"1,734.00",19.8600,1.1586%
29-08-2013,"1,721.94",-12.0600,-0.6955%
30-08-2013,"1,729.62",7.6800,0.4460%
02-09-2013,"1,732.65",3.0300,0.1752%
03-09-2013,"1,737.62",4.9700,0.2868%
04-09-2013,"1,746.90",9.2800,0.5341%
05-09-2013,"1,746.75",-0.1500,-0.0086%
06-09-2013,"1,736.54",-10.2100,-0.5845%
09-09-2013,"1,752.76",16.2200,0.9340%
10-09-2013,"1,765.98",13.2200,0.7542%
11-09-2013,"1,770.01",4.0300,0.2282%
12-09-2013,"1,768.04",-1.9700,-0.1113%
13-09-2013,"1,761.31",-6.7300,-0.3806%
16-09-2013,"1,758.74",-2.5700,-0.1459%
17-09-2013,"1,766.95",8.2100,0.4668%
18-09-2013,"1,766.00",-0.9500,-0.0538%
19-09-2013,"1,765.99",-0.0100,-0.0006%
20-09-2013,"1,767.50",1.5100,0.0855%
23-09-2013,"1,773.48",5.9800,0.3383%
24-09-2013,"1,775.35",1.8700,0.1054%
25-09-2013,"1,777.00",1.6500,0.0929%
26-09-2013,"1,765.51",-11.4900,-0.6466%
27-09-2013,"1,768.52",3.0100,0.1705%
30-09-2013,"1,752.26",-16.2600,-0.9194%
01-10-2013,"1,757.92",5.6600,0.3230%
02-10-2013,"1,756.97",-0.9500,-0.0540%
03-10-2013,"1,754.75",-2.2200,-0.1264%
04-10-2013,"1,751.71",-3.0400,-0.1732%
07-10-2013,"1,753.60",1.8900,0.1079%
08-10-2013,"1,757.29",3.6900,0.2104%
09-10-2013,"1,751.06",0.0000,0.0000%
10-10-2013,"1,756.77",5.7100,0.3261%
11-10-2013,"1,763.11",6.3400,0.3609%
15-10-2013,"1,766.44",3.3300,0.1889%
16-10-2013,"1,770.06",3.6200,0.2049%
17-10-2013,"1,772.17",2.1100,0.1192%
18-10-2013,"1,781.00",8.8300,0.4983%
21-10-2013,"1,779.67",-1.3300,-0.0747%
22-10-2013,"1,773.52",-6.1500,-0.3456%
23-10-2013,"1,771.25",-2.2700,-0.1280%
24-10-2013,"1,775.05",3.8000,0.2145%
25-10-2013,"1,773.84",-1.2100,-0.0682%
28-10-2013,"1,763.16",-10.6800,-0.6021%
29-10-2013,"1,763.01",-0.1500,-0.0085%
30-10-2013,"1,758.37",-4.6400,-0.2632%
31-10-2013,"1,742.94",-15.4300,-0.8775%
01-11-2013,"1,752.97",10.0300,0.5755%
05-11-2013,"1,734.76",-18.2100,-1.0388%
06-11-2013,"1,736.78",2.0200,0.1164%
07-11-2013,"1,713.84",-22.9400,-1.3208%
08-11-2013,"1,678.18",-35.6600,-2.0807%
12-11-2013,"1,626.07",-52.1100,-3.1051%
13-11-2013,"1,663.00",36.9300,2.2711%
14-11-2013,"1,672.18",9.1800,0.5520%
15-11-2013,"1,672.10",-0.0800,-0.0048%
18-11-2013,"1,670.99",-1.1100,-0.0664%
19-11-2013,"1,666.26",-4.7300,-0.2831%
20-11-2013,"1,662.73",-3.5300,-0.2119%
21-11-2013,"1,659.55",-3.1800,-0.1913%
22-11-2013,"1,655.24",-4.3100,-0.2597%
25-11-2013,"1,635.50",-19.7400,-1.1926%
26-11-2013,"1,625.62",-9.8800,-0.6041%
27-11-2013,"1,622.53",-3.0900,-0.1901%
28-11-2013,"1,627.07",4.5400,0.2798%
29-11-2013,"1,630.19",3.1200,0.1918%
02-12-2013,"1,625.93",-4.2600,-0.2613%
03-12-2013,"1,626.99",1.0600,0.0652%
04-12-2013,"1,587.37",-39.6200,-2.4352%
05-12-2013,"1,610.28",22.9100,1.4433%
06-12-2013,"1,599.52",-10.7600,-0.6682%
09-12-2013,"1,614.63",15.1100,0.9447%
10-12-2013,"1,624.00",9.3700,0.5803%
11-12-2013,"1,630.84",6.8400,0.4212%
12-12-2013,"1,646.73",15.8900,0.9743%
13-12-2013,"1,638.20",-8.5300,-0.5180%
16-12-2013,"1,606.98",-31.2200,-1.9058%
17-12-2013,"1,616.45",9.4700,0.5893%
18-12-2013,"1,600.13",-16.3200,-1.0096%
19-12-2013,"1,607.44",7.3100,0.4568%
20-12-2013,"1,630.43",22.9900,1.4302%
23-12-2013,"1,602.60",-27.8300,-1.7069%
24-12-2013,"1,613.81",11.2100,0.6995%
26-12-2013,"1,602.72",-11.0900,-0.6872%
27-12-2013,"1,601.50",-1.2200,-0.0761%
30-12-2013,"1,606.33",4.8300,0.3016%
02-01-2014,"1,611.77",5.4400,0.3387%
03-01-2014,"1,601.29",-10.4800,-0.6502%
07-01-2014,"1,575.61",-25.6800,-1.6037%
08-01-2014,"1,566.28",-9.3300,-0.5922%
09-01-2014,"1,563.40",-2.8800,-0.1839%
10-01-2014,"1,542.07",-21.3300,-1.3643%
13-01-2014,"1,539.48",-2.5900,-0.1680%
14-01-2014,"1,542.30",2.8200,0.1832%
15-01-2014,"1,548.29",5.9900,0.3884%
16-01-2014,"1,535.34",-12.9500,-0.8364%
17-01-2014,"1,536.08",0.7400,0.0482%
20-01-2014,"1,537.99",1.9100,0.1243%
21-01-2014,"1,533.29",-4.7000,-0.3056%
22-01-2014,"1,541.94",8.6500,0.5641%
23-01-2014,"1,516.20",-25.7400,-1.6693%
24-01-2014,"1,494.77",-21.4300,-1.4134%
27-01-2014,"1,473.27",-21.5000,-1.4383%
28-01-2014,"1,461.00",-12.2700,-0.8328%
29-01-2014,"1,452.68",-8.3200,-0.5695%
30-01-2014,"1,453.56",0.8800,0.0606%
31-01-2014,"1,460.04",6.4800,0.4458%
03-02-2014,"1,448.56",-11.4800,-0.7863%
04-02-2014,"1,451.76",3.2000,0.2209%
05-02-2014,"1,465.76",14.0000,0.9643%
06-02-2014,"1,487.61",21.8500,1.4907%
07-02-2014,"1,499.57",11.9600,0.8040%
10-02-2014,"1,484.52",-15.0500,-1.0036%
11-02-2014,"1,497.94",13.4200,0.9040%
12-02-2014,"1,515.40",17.4600,1.1656%
13-02-2014,"1,520.23",4.8300,0.3187%
14-02-2014,"1,527.35",7.1200,0.4684%
17-02-2014,"1,524.79",-2.5600,-0.1676%
18-02-2014,"1,534.93",10.1400,0.6650%
19-02-2014,"1,546.07",11.1400,0.7258%
20-02-2014,"1,525.21",-20.8600,-1.3492%
21-02-2014,"1,520.60",-4.6100,-0.3023%
24-02-2014,"1,535.11",14.5100,0.9542%
25-02-2014,"1,501.40",-33.7100,-2.1959%
26-02-2014,"1,488.44",-12.9600,-0.8632%
27-02-2014,"1,495.01",6.5700,0.4414%
28-02-2014,"1,520.74",25.7300,1.7211%
03-03-2014,"1,504.11",-16.6300,-1.0935%
04-03-2014,"1,539.33",35.2200,2.3416%
05-03-2014,"1,563.41",24.0800,1.5643%
06-03-2014,"1,588.91",25.5000,1.6311%
07-03-2014,"1,571.84",-17.0700,-1.0743%
10-03-2014,"1,571.44",-0.4000,-0.0254%
11-03-2014,"1,586.04",14.6000,0.9291%
12-03-2014,"1,584.93",-1.1100,-0.0700%
13-03-2014,"1,597.85",12.9200,0.8152%
14-03-2014,"1,589.85",-8.0000,-0.5007%
17-03-2014,"1,596.76",6.9100,0.4346%
18-03-2014,"1,592.49",-4.2700,-0.2674%
19-03-2014,"1,595.18",2.6900,0.1689%
20-03-2014,"1,608.99",13.8100,0.8657%
21-03-2014,"1,607.95",-1.0400,-0.0646%
25-03-2014,"1,639.02",31.0700,1.9323%
26-03-2014,"1,646.01",6.9900,0.4265%
27-03-2014,"1,663.84",17.8300,1.0832%
28-03-2014,"1,673.72",9.8800,0.5938%
31-03-2014,"1,688.30",14.5800,0.8711%
01-04-2014,"1,691.88",3.5800,0.2120%
02-04-2014,"1,707.22",15.3400,0.9067%
03-04-2014,"1,713.01",5.7900,0.3391%
04-04-2014,"1,703.12",-9.8900,-0.5773%
07-04-2014,"1,682.99",-20.1300,-1.1819%
08-04-2014,"1,673.08",-9.9100,-0.5888%
09-04-2014,"1,668.97",-4.1100,-0.2457%
10-04-2014,"1,681.42",12.4500,0.7460%
11-04-2014,"1,676.80",-4.6200,-0.2748%
14-04-2014,"1,688.17",11.3700,0.6781%
15-04-2014,"1,669.24",-18.9300,-1.1213%
16-04-2014,"1,677.73",8.4900,0.5086%
21-04-2014,"1,668.85",-8.8800,-0.5293%
22-04-2014,"1,654.78",-14.0700,-0.8431%
23-04-2014,"1,649.67",-5.1100,-0.3088%
24-04-2014,"1,634.54",-15.1300,-0.9172%
25-04-2014,"1,641.46",6.9200,0.4234%
28-04-2014,"1,642.10",0.6400,0.0390%
29-04-2014,"1,653.62",11.5200,0.7015%
30-04-2014,"1,672.47",18.8500,1.1399%
02-05-2014,"1,659.54",-12.9300,-0.7731%
05-05-2014,"1,650.36",-9.1800,-0.5532%
06-05-2014,"1,651.95",1.5900,0.0963%
07-05-2014,"1,663.76",11.8100,0.7149%
08-05-2014,"1,674.28",10.5200,0.6323%
09-05-2014,"1,674.22",-0.0600,-0.0036%
12-05-2014,"1,686.47",12.2500,0.7317%
13-05-2014,"1,688.91",2.4400,0.1447%
14-05-2014,"1,689.49",0.5800,0.0343%
15-05-2014,"1,676.77",-12.7200,-0.7529%
16-05-2014,"1,685.11",8.3400,0.4974%
19-05-2014,"1,683.19",-1.9200,-0.1139%
20-05-2014,"1,662.45",-20.7400,-1.2322%
21-05-2014,"1,673.48",11.0300,0.6635%
22-05-2014,"1,664.57",-8.9100,-0.5324%
23-05-2014,"1,666.79",2.2200,0.1334%
26-05-2014,"1,663.96",-2.8300,-0.1698%
27-05-2014,"1,663.46",-0.5000,-0.0300%
28-05-2014,"1,661.55",-1.9100,-0.1148%
29-05-2014,"1,662.86",1.3100,0.0788%
30-05-2014,"1,659.05",-3.8100,-0.2291%
03-06-2014,"1,678.97",19.9200,1.2007%
04-06-2014,"1,675.34",-3.6300,-0.2162%
05-06-2014,"1,682.81",7.4700,0.4459%
06-06-2014,"1,676.84",-5.9700,-0.3548%
09-06-2014,"1,683.87",7.0300,0.4192%
10-06-2014,"1,714.03",30.1600,1.7911%
11-06-2014,"1,720.60",6.5700,0.3833%
12-06-2014,"1,714.84",-5.7600,-0.3348%
13-06-2014,"1,716.81",1.9700,0.1149%
16-06-2014,"1,728.28",11.4700,0.6681%
17-06-2014,"1,719.06",-9.2200,-0.5335%
18-06-2014,"1,722.24",3.1800,0.1850%
19-06-2014,"1,720.16",-2.0800,-0.1208%
20-06-2014,"1,725.13",4.9700,0.2889%
24-06-2014,"1,723.70",-1.4300,-0.0829%
25-06-2014,"1,717.65",-6.0500,-0.3510%
26-06-2014,"1,710.67",-6.9800,-0.4064%
27-06-2014,"1,705.99",-4.6800,-0.2736%
01-07-2014,"1,705.14",-0.8500,-0.0498%
02-07-2014,"1,703.39",-1.7500,-0.1026%
03-07-2014,"1,705.49",2.1000,0.1233%
04-07-2014,"1,704.32",-1.1700,-0.0686%
07-07-2014,"1,701.44",-2.8800,-0.1690%
08-07-2014,"1,695.60",-5.8400,-0.3432%
09-07-2014,"1,684.34",-11.2600,-0.6641%
10-07-2014,"1,674.48",-9.8600,-0.5854%
11-07-2014,"1,684.25",9.7700,0.5835%
14-07-2014,"1,673.99",-10.2600,-0.6092%
15-07-2014,"1,680.12",6.1300,0.3662%
16-07-2014,"1,687.00",6.8800,0.4095%
17-07-2014,"1,688.55",1.5500,0.0919%
18-07-2014,"1,689.55",1.0000,0.0592%
21-07-2014,"1,689.25",-0.3000,-0.0178%
22-07-2014,"1,697.12",7.8700,0.4659%
23-07-2014,"1,695.55",-1.5700,-0.0925%
24-07-2014,"1,693.63",-1.9200,-0.1132%
25-07-2014,"1,700.91",7.2800,0.4298%
28-07-2014,"1,714.94",14.0300,0.8249%
29-07-2014,"1,706.94",-8.0000,-0.4665%
30-07-2014,"1,710.59",3.6500,0.2138%
31-07-2014,"1,694.59",-16.0000,-0.9353%
01-08-2014,"1,693.06",-1.5300,-0.0903%
04-08-2014,"1,712.97",19.9100,1.1760%
05-08-2014,"1,724.24",11.2700,0.6579%
06-08-2014,"1,720.24",-4.0000,-0.2320%
08-08-2014,"1,719.88",-0.3600,-0.0209%
11-08-2014,"1,740.83",20.9500,1.2181%
12-08-2014,"1,720.34",-20.4900,-1.1770%
13-08-2014,"1,726.32",5.9800,0.3476%
14-08-2014,"1,723.15",-3.1700,-0.1836%
15-08-2014,"1,722.54",-0.6100,-0.0354%
19-08-2014,"1,731.95",9.4100,0.5463%
20-08-2014,"1,750.67",18.7200,1.0809%
21-08-2014,"1,755.26",4.5900,0.2622%
22-08-2014,"1,747.13",-8.1300,-0.4632%
25-08-2014,"1,749.93",2.8000,0.1603%
26-08-2014,"1,754.19",4.2600,0.2434%
27-08-2014,"1,764.10",9.9100,0.5649%
28-08-2014,"1,763.51",-0.5900,-0.0334%
29-08-2014,"1,771.18",7.6700,0.4349%
01-09-2014,"1,776.76",5.5800,0.3150%
02-09-2014,"1,777.53",0.7700,0.0433%
03-09-2014,"1,780.25",2.7200,0.1530%
04-09-2014,"1,769.38",-10.8700,-0.6106%
05-09-2014,"1,761.69",-7.6900,-0.4346%
08-09-2014,"1,749.84",-11.8500,-0.6726%
09-09-2014,"1,741.59",-8.2500,-0.4715%
10-09-2014,"1,744.09",2.5000,0.1435%
11-09-2014,"1,733.52",-10.5700,-0.6060%
12-09-2014,"1,734.98",1.4600,0.0842%
15-09-2014,"1,732.93",-2.0500,-0.1182%
16-09-2014,"1,728.09",-4.8400,-0.2793%
17-09-2014,"1,735.42",7.3300,0.4242%
18-09-2014,"1,741.58",6.1600,0.3550%
19-09-2014,"1,739.41",-2.1700,-0.1246%
22-09-2014,"1,730.80",-8.6100,-0.4950%
23-09-2014,"1,696.34",-34.4600,-1.9910%
24-09-2014,"1,688.37",-7.9700,-0.4698%
25-09-2014,"1,675.14",-13.2300,-0.7836%
26-09-2014,"1,678.00",2.8600,0.1707%
29-09-2014,"1,678.48",0.4800,0.0286%
30-09-2014,"1,665.70",-12.7800,-0.7614%
01-10-2014,"1,635.43",-30.2700,-1.8173%
02-10-2014,"1,629.09",-6.3400,-0.3877%
03-10-2014,"1,654.23",25.1400,1.5432%
06-10-2014,"1,669.03",14.8000,0.8947%
07-10-2014,"1,655.85",-13.1800,-0.7897%
08-10-2014,"1,643.31",-12.5400,-0.7573%
09-10-2014,"1,640.36",-2.9500,-0.1795%
10-10-2014,"1,601.80",-38.5600,-2.3507%
14-10-2014,"1,590.30",-11.5000,-0.7179%
15-10-2014,"1,580.26",-10.0400,-0.6313%
16-10-2014,"1,603.09",22.8300,1.4447%
17-10-2014,"1,617.00",13.9100,0.8677%
20-10-2014,"1,617.07",0.0700,0.0043%
21-10-2014,"1,626.33",9.2600,0.5726%
22-10-2014,"1,613.10",-13.2300,-0.8135%
23-10-2014,"1,624.99",11.8900,0.7371%
24-10-2014,"1,624.17",-0.8200,-0.0505%
27-10-2014,"1,608.76",-15.4100,-0.9488%
28-10-2014,"1,610.34",1.5800,0.0982%
29-10-2014,"1,615.05",4.7100,0.2925%
30-10-2014,"1,626.22",11.1700,0.6916%
31-10-2014,"1,634.88",8.6600,0.5325%
04-11-2014,"1,625.32",-9.5600,-0.5848%
05-11-2014,"1,633.61",8.2900,0.5101%
06-11-2014,"1,640.47",6.8600,0.4199%
07-11-2014,"1,638.79",-1.6800,-0.1024%
10-11-2014,"1,635.71",-3.0800,-0.1879%
11-11-2014,"1,620.88",-14.8300,-0.9066%
12-11-2014,"1,623.63",2.7500,0.1697%
13-11-2014,"1,606.43",-17.2000,-1.0594%
14-11-2014,"1,603.88",-2.5500,-0.1587%
18-11-2014,"1,593.06",-10.8200,-0.6746%
19-11-2014,"1,592.31",-0.7500,-0.0471%
20-11-2014,"1,590.12",-2.1900,-0.1375%
21-11-2014,"1,598.59",8.4700,0.5327%
24-11-2014,"1,584.42",-14.1700,-0.8864%
25-11-2014,"1,572.95",-11.4700,-0.7239%
26-11-2014,"1,551.89",-21.0600,-1.3389%
27-11-2014,"1,532.87",-19.0200,-1.2256%
28-11-2014,"1,525.68",-7.1900,-0.4691%
01-12-2014,"1,510.06",-15.6200,-1.0238%
02-12-2014,"1,497.59",-12.4700,-0.8258%
03-12-2014,"1,515.62",18.0300,1.2039%
04-12-2014,"1,495.97",-19.6500,-1.2965%
05-12-2014,"1,500.51",4.5400,0.3035%
09-12-2014,"1,488.40",-12.1100,-0.8071%
10-12-2014,"1,444.01",-44.3900,-2.9824%
11-12-2014,"1,410.95",-33.0600,-2.2895%
12-12-2014,"1,382.75",-28.2000,-1.9987%
15-12-2014,"1,348.38",-34.3700,-2.4856%
16-12-2014,"1,373.03",24.6500,1.8281%
17-12-2014,"1,428.40",55.3700,4.0327%
18-12-2014,"1,433.69",5.2900,0.3703%
19-12-2014,"1,462.06",28.3700,1.9788%
22-12-2014,"1,525.01",62.9500,4.3056%
23-12-2014,"1,537.38",12.3700,0.8111%
24-12-2014,"1,538.88",1.5000,0.0976%
26-12-2014,"1,517.25",-21.6300,-1.4056%
29-12-2014,"1,507.53",-9.7200,-0.6406%
30-12-2014,"1,512.98",5.4500,0.3615%
02-01-2015,"1,483.89",-29.0900,-1.9227%
05-01-2015,"1,418.74",-65.1500,-4.3905%
06-01-2015,"1,419.92",1.1800,0.0832%
07-01-2015,"1,422.20",2.2800,0.1606%
08-01-2015,"1,433.37",11.1700,0.7854%
09-01-2015,"1,426.77",-6.6000,-0.4605%
13-01-2015,"1,412.20",-14.5700,-1.0212%
14-01-2015,"1,387.56",-24.6400,-1.7448%
15-01-2015,"1,380.65",-6.9100,-0.4980%
16-01-2015,"1,376.30",-4.3500,-0.3151%
19-01-2015,"1,376.17",-0.1300,-0.0094%
20-01-2015,"1,377.29",1.1200,0.0814%
21-01-2015,"1,388.17",10.8800,0.7900%
22-01-2015,"1,411.78",23.6100,1.7008%
23-01-2015,"1,423.28",11.5000,0.8146%
26-01-2015,"1,426.48",3.2000,0.2248%
27-01-2015,"1,423.89",-2.5900,-0.1816%
28-01-2015,"1,407.79",-16.1000,-1.1307%
29-01-2015,"1,407.92",0.1300,0.0092%
30-01-2015,"1,389.00",-18.9200,-1.3438%
02-02-2015,"1,408.20",19.2000,1.3823%
03-02-2015,"1,436.19",27.9900,1.9876%
04-02-2015,"1,428.45",-7.7400,-0.5389%
05-02-2015,"1,434.46",6.0100,0.4207%
06-02-2015,"1,437.03",2.5700,0.1792%
09-02-2015,"1,425.57",-11.4600,-0.7975%
10-02-2015,"1,402.65",-22.9200,-1.6078%
11-02-2015,"1,381.74",-20.9100,-1.4907%
12-02-2015,"1,381.46",-0.2800,-0.0203%
13-02-2015,"1,397.81",16.3500,1.1835%
16-02-2015,"1,398.97",1.1600,0.0830%
17-02-2015,"1,397.20",-1.7700,-0.1265%
18-02-2015,"1,397.93",0.7300,0.0522%
19-02-2015,"1,386.78",-11.1500,-0.7976%
20-02-2015,"1,368.85",-17.9300,-1.2929%
23-02-2015,"1,375.86",7.0100,0.5121%
24-02-2015,"1,365.36",-10.5000,-0.7632%
25-02-2015,"1,362.71",-2.6500,-0.1941%
26-02-2015,"1,361.95",-0.7600,-0.0558%
27-02-2015,"1,367.58",5.6300,0.4134%
02-03-2015,"1,342.89",-24.6900,-1.8054%
03-03-2015,"1,317.12",-25.7700,-1.9190%
04-03-2015,"1,321.63",4.5100,0.3424%
05-03-2015,"1,311.62",-10.0100,-0.7574%
06-03-2015,"1,280.43",-31.1900,-2.3780%
09-03-2015,"1,257.87",-22.5600,-1.7619%
10-03-2015,"1,249.94",-7.9300,-0.6304%
11-03-2015,"1,249.83",-0.1100,-0.0088%
12-03-2015,"1,269.88",20.0500,1.6042%
13-03-2015,"1,281.95",12.0700,0.9505%
16-03-2015,"1,288.16",6.2100,0.4844%
17-03-2015,"1,288.60",0.4400,0.0342%
18-03-2015,"1,304.89",16.2900,1.2642%
19-03-2015,"1,297.34",-7.5500,-0.5786%
20-03-2015,"1,292.36",-4.9800,-0.3839%
24-03-2015,"1,284.87",-7.4900,-0.5796%
25-03-2015,"1,297.88",13.0100,1.0126%
26-03-2015,"1,300.04",2.1600,0.1664%
27-03-2015,"1,294.90",-5.1400,-0.3954%
30-03-2015,"1,297.14",2.2400,0.1730%
31-03-2015,"1,304.62",7.4800,0.5767%
01-04-2015,"1,329.80",25.1800,1.9301%
06-04-2015,"1,350.52",20.7200,1.5581%
07-04-2015,"1,355.85",5.3300,0.3947%
08-04-2015,"1,344.58",-11.2700,-0.8312%
09-04-2015,"1,350.77",6.1900,0.4604%
10-04-2015,"1,347.80",-2.9700,-0.2199%
13-04-2015,"1,357.47",9.6700,0.7175%
14-04-2015,"1,358.76",1.2900,0.0950%
15-04-2015,"1,362.53",3.7700,0.2775%
16-04-2015,"1,367.14",4.6100,0.3383%
17-04-2015,"1,363.89",-3.2500,-0.2377%
20-04-2015,"1,347.89",-16.0000,-1.1731%
21-04-2015,"1,330.31",-17.5800,-1.3043%
22-04-2015,"1,346.53",16.2200,1.2193%
23-04-2015,"1,357.85",11.3200,0.8407%
24-04-2015,"1,374.49",16.6400,1.2255%
27-04-2015,"1,392.29",17.8000,1.2950%
28-04-2015,"1,411.62",19.3300,1.3884%
29-04-2015,"1,405.71",-5.9100,-0.4187%
30-04-2015,"1,396.35",-9.3600,-0.6659%
04-05-2015,"1,401.16",4.8100,0.3445%
05-05-2015,"1,418.06",16.9000,1.2061%
06-05-2015,"1,411.22",-6.8400,-0.4823%
07-05-2015,"1,378.04",-33.1800,-2.3512%
08-05-2015,"1,367.28",-10.7600,-0.7808%
11-05-2015,"1,366.06",-1.2200,-0.0892%
12-05-2015,"1,361.80",-4.2600,-0.3118%
13-05-2015,"1,358.35",-3.4500,-0.2533%
14-05-2015,"1,360.76",2.4100,0.1774%
15-05-2015,"1,357.00",-3.7600,-0.2763%
19-05-2015,"1,368.58",11.5800,0.8534%
20-05-2015,"1,363.42",-5.1600,-0.3770%
21-05-2015,"1,356.61",-6.8100,-0.4995%
22-05-2015,"1,353.62",-2.9900,-0.2204%
25-05-2015,"1,347.77",-5.8500,-0.4322%
26-05-2015,"1,336.89",-10.8800,-0.8073%
27-05-2015,"1,310.79",-26.1000,-1.9523%
28-05-2015,"1,307.17",-3.6200,-0.2762%
29-05-2015,"1,306.62",-0.5500,-0.0421%
01-06-2015,"1,301.17",-5.4500,-0.4171%
02-06-2015,"1,309.26",8.0900,0.6217%
03-06-2015,"1,311.78",2.5200,0.1925%
04-06-2015,"1,309.09",-2.6900,-0.2051%
05-06-2015,"1,320.31",11.2200,0.8571%
09-06-2015,"1,319.23",-1.0800,-0.0818%
10-06-2015,"1,323.54",4.3100,0.3267%
11-06-2015,"1,333.75",10.2100,0.7714%
12-06-2015,"1,330.18",-3.5700,-0.2677%
16-06-2015,"1,321.10",-9.0800,-0.6826%
17-06-2015,"1,320.69",-0.4100,-0.0310%
18-06-2015,"1,325.80",5.1100,0.3869%
19-06-2015,"1,307.51",-18.2900,-1.3795%
22-06-2015,"1,313.33",5.8200,0.4451%
23-06-2015,"1,332.08",18.7500,1.4277%
24-06-2015,"1,329.42",-2.6600,-0.1997%
25-06-2015,"1,313.83",-15.5900,-1.1727%
26-06-2015,"1,321.82",7.9900,0.6081%
30-06-2015,"1,331.35",9.5300,0.7210%
01-07-2015,"1,313.53",-17.8200,-1.3385%
02-07-2015,"1,320.06",6.5300,0.4971%
03-07-2015,"1,312.67",-7.3900,-0.5598%
06-07-2015,"1,309.68",-2.9900,-0.2278%
07-07-2015,"1,305.92",-3.7600,-0.2871%
08-07-2015,"1,295.54",-10.3800,-0.7948%
09-07-2015,"1,300.57",5.0300,0.3883%
10-07-2015,"1,310.59",10.0200,0.7704%
13-07-2015,"1,314.02",3.4300,0.2617%
14-07-2015,"1,325.39",11.3700,0.8653%
15-07-2015,"1,324.37",-1.0200,-0.0770%
16-07-2015,"1,326.44",2.0700,0.1563%
17-07-2015,"1,309.45",-16.9900,-1.2809%
21-07-2015,"1,300.58",-8.8700,-0.6774%
22-07-2015,"1,306.33",5.7500,0.4421%
23-07-2015,"1,307.40",1.0700,0.0819%
24-07-2015,"1,303.25",-4.1500,-0.3174%
27-07-2015,"1,293.07",-10.1800,-0.7811%
28-07-2015,"1,297.62",4.5500,0.3519%
29-07-2015,"1,325.32",27.7000,2.1347%
30-07-2015,"1,321.96",-3.3600,-0.2535%
31-07-2015,"1,317.24",-4.7200,-0.3570%
03-08-2015,"1,298.76",-18.4800,-1.4029%
04-08-2015,"1,297.64",-1.1200,-0.0862%
05-08-2015,"1,288.67",-8.9700,-0.6913%
06-08-2015,"1,290.79",2.1200,0.1645%
10-08-2015,"1,285.35",-5.4400,-0.4214%
11-08-2015,"1,271.62",-13.7300,-1.0682%
12-08-2015,"1,281.04",9.4200,0.7408%
13-08-2015,"1,272.49",-8.5500,-0.6674%
14-08-2015,"1,269.22",-3.2700,-0.2570%
18-08-2015,"1,260.95",-8.2700,-0.6516%
19-08-2015,"1,240.35",-20.6000,-1.6337%
20-08-2015,"1,228.87",-11.4800,-0.9255%
21-08-2015,"1,192.75",-36.1200,-2.9393%
24-08-2015,"1,150.78",-41.9700,-3.5188%
25-08-2015,"1,149.53",-1.2500,-0.1086%
26-08-2015,"1,152.87",3.3400,0.2906%
27-08-2015,"1,198.78",45.9100,3.9822%
28-08-2015,"1,217.95",19.1700,1.5991%
31-08-2015,"1,246.59",28.6400,2.3515%
01-09-2015,"1,210.78",-35.8100,-2.8726%
02-09-2015,"1,218.88",8.1000,0.6690%
03-09-2015,"1,238.95",20.0700,1.6466%
04-09-2015,"1,235.97",-2.9800,-0.2405%
07-09-2015,"1,241.61",5.6400,0.4563%
08-09-2015,"1,244.63",3.0200,0.2432%
09-09-2015,"1,233.84",-10.7900,-0.8669%
10-09-2015,"1,255.39",21.5500,1.7466%
11-09-2015,"1,249.58",-5.8100,-0.4628%
14-09-2015,"1,250.32",0.7400,0.0592%
15-09-2015,"1,253.60",3.2800,0.2623%
16-09-2015,"1,265.28",11.6800,0.9317%
17-09-2015,"1,264.14",-1.1400,-0.0901%
18-09-2015,"1,248.58",-15.5600,-1.2309%
21-09-2015,"1,233.98",-14.6000,-1.1693%
22-09-2015,"1,215.45",-18.5300,-1.5016%
23-09-2015,"1,208.77",-6.6800,-0.5496%
24-09-2015,"1,219.38",10.6100,0.8778%
25-09-2015,"1,215.27",-4.1100,-0.3371%
28-09-2015,"1,203.12",-12.1500,-0.9998%
29-09-2015,"1,202.27",-0.8500,-0.0706%
30-09-2015,"1,218.82",16.5500,1.3766%
01-10-2015,"1,210.19",-8.6300,-0.7081%
02-10-2015,"1,218.08",7.8900,0.6520%
05-10-2015,"1,237.75",19.6700,1.6148%
06-10-2015,"1,254.98",17.2300,1.3920%
07-10-2015,"1,274.33",19.3500,1.5419%
08-10-2015,"1,280.55",6.2200,0.4881%
09-10-2015,"1,280.18",-0.3700,-0.0289%
13-10-2015,"1,274.28",-5.9000,-0.4609%
14-10-2015,"1,258.68",-15.6000,-1.2242%
15-10-2015,"1,251.02",-7.6600,-0.6086%
16-10-2015,"1,251.59",0.5700,0.0456%
19-10-2015,"1,246.60",-4.9900,-0.3987%
20-10-2015,"1,245.97",-0.6300,-0.0505%
21-10-2015,"1,245.11",-0.8600,-0.0690%
22-10-2015,"1,248.61",3.5000,0.2811%
23-10-2015,"1,249.12",0.5100,0.0408%
26-10-2015,"1,248.49",-0.6300,-0.0504%
27-10-2015,"1,238.47",-10.0200,-0.8026%
28-10-2015,"1,228.93",-9.5400,-0.7703%
29-10-2015,"1,219.48",-9.4500,-0.7690%
30-10-2015,"1,218.13",-1.3500,-0.1107%
03-11-2015,"1,217.93",-0.2000,-0.0164%
04-11-2015,"1,218.39",0.4600,0.0378%
05-11-2015,"1,225.68",7.2900,0.5983%
06-11-2015,"1,222.87",-2.8100,-0.2293%
09-11-2015,"1,217.49",-5.3800,-0.4399%
10-11-2015,"1,213.44",-4.0500,-0.3327%
11-11-2015,"1,204.62",-8.8200,-0.7269%
12-11-2015,"1,182.47",-22.1500,-1.8388%
13-11-2015,"1,152.13",-30.3400,-2.5658%
17-11-2015,"1,112.05",-40.0800,-3.4788%
18-11-2015,"1,125.57",13.5200,1.2158%
19-11-2015,"1,120.45",-5.1200,-0.4549%
20-11-2015,"1,139.17",18.7200,1.6708%
23-11-2015,"1,140.28",1.1100,0.0974%
24-11-2015,"1,124.60",-15.6800,-1.3751%
25-11-2015,"1,108.53",-16.0700,-1.4290%
26-11-2015,"1,104.06",-4.4700,-0.4032%
27-11-2015,"1,092.95",-11.1100,-1.0063%
30-11-2015,"1,114.36",21.4100,1.9589%
01-12-2015,"1,109.45",-4.9100,-0.4406%
02-12-2015,"1,091.47",-17.9800,-1.6206%
03-12-2015,"1,081.21",-10.2600,-0.9400%
04-12-2015,"1,070.93",-10.2800,-0.9508%
07-12-2015,"1,051.25",-19.6800,-1.8377%
09-12-2015,"1,062.02",10.7700,1.0245%
10-12-2015,"1,080.06",18.0400,1.6986%
11-12-2015,"1,074.88",-5.1800,-0.4796%
14-12-2015,"1,074.26",-0.6200,-0.0577%
15-12-2015,"1,101.24",26.9800,2.5115%
16-12-2015,"1,129.78",28.5400,2.5916%
17-12-2015,"1,140.85",11.0700,0.9798%
18-12-2015,"1,139.99",-0.8600,-0.0754%
21-12-2015,"1,131.27",-8.7200,-0.7649%
22-12-2015,"1,128.73",-2.5400,-0.2245%
23-12-2015,"1,161.02",32.2900,2.8607%
24-12-2015,"1,154.77",-6.2500,-0.5383%
28-12-2015,"1,152.22",-2.5500,-0.2208%
29-12-2015,"1,148.25",-3.9700,-0.3446%
30-12-2015,"1,153.71",5.4600,0.4755%
04-01-2016,"1,129.71",0.0000,0.0000%
05-01-2016,"1,142.40",12.6900,1.1233%
06-01-2016,"1,129.32",-13.0800,-1.1450%
07-01-2016,"1,105.73",-23.5900,-2.0889%
08-01-2016,"1,098.32",-7.4100,-0.6701%
12-01-2016,"1,079.28",-19.0400,-1.7336%
13-01-2016,"1,096.68",17.4000,1.6122%
14-01-2016,"1,128.65",31.9700,2.9152%
15-01-2016,"1,103.26",-25.3900,-2.2496%
18-01-2016,"1,078.69",-24.5700,-2.2270%
19-01-2016,"1,100.30",21.6100,2.0034%
20-01-2016,"1,109.33",9.0300,0.8207%
21-01-2016,"1,124.79",15.4600,1.3936%
22-01-2016,"1,151.62",26.8300,2.3853%
25-01-2016,"1,139.32",-12.3000,-1.0681%
26-01-2016,"1,146.36",7.0400,0.6179%
27-01-2016,"1,153.46",7.1000,0.6194%
28-01-2016,"1,165.38",11.9200,1.0334%
29-01-2016,"1,175.09",9.7100,0.8332%
01-02-2016,"1,180.72",5.6300,0.4791%
02-02-2016,"1,165.77",-14.9500,-1.2662%
03-02-2016,"1,180.66",14.8900,1.2773%
04-02-2016,"1,188.73",8.0700,0.6835%
05-02-2016,"1,195.11",6.3800,0.5367%
08-02-2016,"1,192.98",-2.1300,-0.1782%
09-02-2016,"1,196.90",3.9200,0.3286%
10-02-2016,"1,200.42",3.5200,0.2941%
11-02-2016,"1,198.51",-1.9100,-0.1591%
12-02-2016,"1,209.03",10.5200,0.8778%
15-02-2016,"1,209.88",0.8500,0.0703%
16-02-2016,"1,199.98",-9.9000,-0.8183%
17-02-2016,"1,233.34",33.3600,2.7800%
18-02-2016,"1,235.89",2.5500,0.2068%
19-02-2016,"1,234.93",-0.9600,-0.0777%
22-02-2016,"1,236.37",1.4400,0.1166%
23-02-2016,"1,229.65",-6.7200,-0.5435%
24-02-2016,"1,228.18",-1.4700,-0.1195%
25-02-2016,"1,240.13",11.9500,0.9730%
26-02-2016,"1,246.68",6.5500,0.5282%
29-02-2016,"1,244.17",-2.5100,-0.2013%
01-03-2016,"1,255.54",11.3700,0.9139%
02-03-2016,"1,276.63",21.0900,1.6798%
03-03-2016,"1,295.43",18.8000,1.4726%
04-03-2016,"1,294.86",-0.5700,-0.0440%
07-03-2016,"1,307.17",12.3100,0.9507%
08-03-2016,"1,294.63",-12.5400,-0.9593%
09-03-2016,"1,296.27",1.6400,0.1267%
10-03-2016,"1,299.45",3.1800,0.2453%
11-03-2016,"1,302.71",3.2600,0.2509%
14-03-2016,"1,298.48",-4.2300,-0.3247%
15-03-2016,"1,285.34",-13.1400,-1.0120%
16-03-2016,"1,284.40",-0.9400,-0.0731%
17-03-2016,"1,295.89",11.4900,0.8946%
18-03-2016,"1,309.81",13.9200,1.0742%
22-03-2016,"1,316.92",7.1100,0.5428%
23-03-2016,"1,321.05",4.1300,0.3136%
28-03-2016,"1,305.41",-15.6400,-1.1839%
29-03-2016,"1,299.65",-5.7600,-0.4412%
30-03-2016,"1,319.77",20.1200,1.5481%
31-03-2016,"1,336.27",16.5000,1.2502%
01-04-2016,"1,333.63",-2.6400,-0.1976%
04-04-2016,"1,337.58",3.9500,0.2962%
05-04-2016,"1,313.19",-24.3900,-1.8234%
06-04-2016,"1,321.50",8.3100,0.6328%
07-04-2016,"1,316.11",-5.3900,-0.4079%
08-04-2016,"1,326.57",10.4600,0.7948%
11-04-2016,"1,336.37",9.8000,0.7387%
12-04-2016,"1,364.13",27.7600,2.0773%
13-04-2016,"1,370.62",6.4900,0.4758%
14-04-2016,"1,364.97",-5.6500,-0.4122%
15-04-2016,"1,355.20",-9.7700,-0.7158%
18-04-2016,"1,354.76",-0.4400,-0.0325%
19-04-2016,"1,362.84",8.0800,0.5964%
20-04-2016,"1,376.61",13.7700,1.0104%
21-04-2016,"1,375.95",-0.6600,-0.0479%
22-04-2016,"1,374.41",-1.5400,-0.1119%
25-04-2016,"1,359.25",-15.1600,-1.1030%
26-04-2016,"1,365.20",5.9500,0.4377%
27-04-2016,"1,361.98",-3.2200,-0.2359%
28-04-2016,"1,362.02",0.0400,0.0029%
29-04-2016,"1,342.42",-19.6000,-1.4390%
02-05-2016,"1,342.50",0.0800,0.0060%
03-05-2016,"1,320.18",-22.3200,-1.6626%
04-05-2016,"1,311.83",-8.3500,-0.6325%
05-05-2016,"1,291.14",-20.6900,-1.5772%
06-05-2016,"1,293.03",1.8900,0.1464%
10-05-2016,"1,328.60",35.5700,2.7509%
11-05-2016,"1,336.35",7.7500,0.5833%
12-05-2016,"1,351.39",15.0400,1.1255%
13-05-2016,"1,350.36",-1.0300,-0.0762%
16-05-2016,"1,357.57",7.2100,0.5339%
17-05-2016,"1,343.88",-13.6900,-1.0084%
18-05-2016,"1,327.74",-16.1400,-1.2010%
19-05-2016,"1,323.21",-4.5300,-0.3412%
20-05-2016,"1,322.44",-0.7700,-0.0582%
23-05-2016,"1,325.36",2.9200,0.2208%
24-05-2016,"1,319.44",-5.9200,-0.4467%
25-05-2016,"1,306.65",-12.7900,-0.9694%
26-05-2016,"1,302.13",-4.5200,-0.3459%
27-05-2016,"1,302.36",0.2300,0.0177%
31-05-2016,"1,292.51",-9.8500,-0.7563%
01-06-2016,"1,301.18",8.6700,0.6708%
02-06-2016,"1,303.00",1.8200,0.1399%
03-06-2016,"1,307.83",4.8300,0.3707%
07-06-2016,"1,315.86",8.0300,0.6140%
08-06-2016,"1,333.46",17.6000,1.3375%
09-06-2016,"1,333.48",0.0200,0.0015%
10-06-2016,"1,320.48",-13.0000,-0.9749%
13-06-2016,"1,315.23",-5.2500,-0.3976%
14-06-2016,"1,303.33",-11.9000,-0.9048%
15-06-2016,"1,303.83",0.5000,0.0384%
16-06-2016,"1,307.77",3.9400,0.3022%
17-06-2016,"1,308.41",0.6400,0.0489%
20-06-2016,"1,316.20",7.7900,0.5954%
21-06-2016,"1,323.65",7.4500,0.5660%
22-06-2016,"1,326.25",2.6000,0.1964%
23-06-2016,"1,329.58",3.3300,0.2511%
24-06-2016,"1,317.71",-11.8700,-0.8928%
27-06-2016,"1,302.39",-15.3200,-1.1626%
28-06-2016,"1,303.28",0.8900,0.0683%
29-06-2016,"1,311.52",8.2400,0.6323%
30-06-2016,"1,313.18",1.6600,0.1266%
01-07-2016,"1,312.98",-0.2000,-0.0152%
05-07-2016,"1,303.46",-9.5200,-0.7251%
06-07-2016,"1,310.00",6.5400,0.5017%
07-07-2016,"1,301.76",-8.2400,-0.6290%
08-07-2016,"1,297.64",-4.1200,-0.3165%
11-07-2016,"1,306.76",9.1200,0.7028%
12-07-2016,"1,320.30",13.5400,1.0362%
13-07-2016,"1,325.79",5.4900,0.4158%
14-07-2016,"1,332.85",7.0600,0.5325%
15-07-2016,"1,339.60",6.7500,0.5064%
18-07-2016,"1,339.00",-0.6000,-0.0448%
19-07-2016,"1,337.80",-1.2000,-0.0896%
21-07-2016,"1,328.61",-9.1900,-0.6869%
22-07-2016,"1,332.85",4.2400,0.3191%
25-07-2016,"1,323.41",-9.4400,-0.7083%
26-07-2016,"1,315.69",-7.7200,-0.5833%
27-07-2016,"1,321.65",5.9600,0.4530%
28-07-2016,"1,317.44",-4.2100,-0.3185%
29-07-2016,"1,308.22",-9.2200,-0.6998%
01-08-2016,"1,306.02",-2.2000,-0.1682%
02-08-2016,"1,303.35",-2.6700,-0.2044%
03-08-2016,"1,304.62",1.2700,0.0974%
04-08-2016,"1,307.59",2.9700,0.2277%
05-08-2016,"1,309.48",1.8900,0.1445%
08-08-2016,"1,314.34",4.8600,0.3711%
09-08-2016,"1,323.93",9.5900,0.7296%
10-08-2016,"1,322.33",-1.6000,-0.1209%
11-08-2016,"1,327.89",5.5600,0.4205%
12-08-2016,"1,323.66",-4.2300,-0.3186%
16-08-2016,"1,342.69",19.0300,1.4377%
17-08-2016,"1,348.89",6.2000,0.4618%
18-08-2016,"1,348.01",-0.8800,-0.0652%
19-08-2016,"1,349.79",1.7800,0.1320%
22-08-2016,"1,349.21",-0.5800,-0.0430%
23-08-2016,"1,358.62",9.4100,0.6974%
24-08-2016,"1,369.65",11.0300,0.8119%
25-08-2016,"1,370.82",1.1700,0.0854%
26-08-2016,"1,373.42",2.6000,0.1897%
29-08-2016,"1,371.99",-1.4300,-0.1041%
30-08-2016,"1,373.85",1.8600,0.1356%
31-08-2016,"1,380.18",6.3300,0.4607%
01-09-2016,"1,379.41",-0.7700,-0.0558%
02-09-2016,"1,394.38",14.9700,1.0852%
05-09-2016,"1,397.92",3.5400,0.2539%
06-09-2016,"1,402.83",4.9100,0.3512%
07-09-2016,"1,417.57",14.7400,1.0507%
08-09-2016,"1,416.16",-1.4100,-0.0995%
09-09-2016,"1,397.90",-18.2600,-1.2894%
12-09-2016,"1,386.73",-11.1700,-0.7991%
13-09-2016,"1,367.18",-19.5500,-1.4098%
14-09-2016,"1,373.22",6.0400,0.4418%
15-09-2016,"1,373.44",0.2200,0.0160%
16-09-2016,"1,354.63",-18.8100,-1.3696%
19-09-2016,"1,354.67",0.0400,0.0030%
20-09-2016,"1,341.36",-13.3100,-0.9825%
21-09-2016,"1,341.29",-0.0700,-0.0052%
22-09-2016,"1,358.03",16.7400,1.2481%
23-09-2016,"1,351.60",-6.4300,-0.4735%
26-09-2016,"1,346.67",-4.9300,-0.3648%
27-09-2016,"1,333.85",-12.8200,-0.9520%
28-09-2016,"1,354.98",21.1300,1.5841%
29-09-2016,"1,345.00",-9.9800,-0.7365%
30-09-2016,"1,338.83",-6.1700,-0.4587%
03-10-2016,"1,330.57",-8.2600,-0.6170%
04-10-2016,"1,335.10",4.5300,0.3405%
05-10-2016,"1,341.33",6.2300,0.4666%
06-10-2016,"1,343.44",2.1100,0.1573%
07-10-2016,"1,348.20",4.7600,0.3543%
10-10-2016,"1,350.33",2.1300,0.1580%
11-10-2016,"1,358.07",7.7400,0.5732%
12-10-2016,"1,354.61",-3.4600,-0.2548%
13-10-2016,"1,354.40",-0.2100,-0.0155%
14-10-2016,"1,346.07",-8.3300,-0.6150%
18-10-2016,"1,355.72",9.6500,0.7169%
19-10-2016,"1,364.02",8.3000,0.6122%
20-10-2016,"1,361.15",-2.8700,-0.2104%
21-10-2016,"1,362.97",1.8200,0.1337%
24-10-2016,"1,359.20",-3.7700,-0.2766%
25-10-2016,"1,356.98",-2.2200,-0.1633%
26-10-2016,"1,357.49",0.5100,0.0376%
27-10-2016,"1,359.70",2.2100,0.1628%
28-10-2016,"1,360.96",1.2600,0.0927%
31-10-2016,"1,365.53",4.5700,0.3358%
01-11-2016,"1,370.75",5.2200,0.3823%
02-11-2016,"1,368.45",-2.3000,-0.1678%
03-11-2016,"1,356.01",-12.4400,-0.9091%
04-11-2016,"1,345.66",-10.3500,-0.7633%
08-11-2016,"1,354.91",9.2500,0.6874%
09-11-2016,"1,354.68",-0.2300,-0.0170%
10-11-2016,"1,319.51",-35.1700,-2.5962%
11-11-2016,"1,299.03",-20.4800,-1.5521%
15-11-2016,"1,297.07",-1.9600,-0.1509%
16-11-2016,"1,300.09",3.0200,0.2328%
17-11-2016,"1,305.81",5.7200,0.4400%
18-11-2016,"1,307.44",1.6300,0.1248%
21-11-2016,"1,312.87",5.4300,0.4153%
22-11-2016,"1,307.21",-5.6600,-0.4311%
23-11-2016,"1,308.87",1.6600,0.1270%
24-11-2016,"1,308.94",0.0700,0.0053%
25-11-2016,"1,295.67",-13.2700,-1.0138%
28-11-2016,"1,289.97",-5.7000,-0.4399%
29-11-2016,"1,271.11",-18.8600,-1.4620%
30-11-2016,"1,286.07",14.9600,1.1769%
01-12-2016,"1,297.33",11.2600,0.8755%
02-12-2016,"1,306.56",9.2300,0.7115%
05-12-2016,"1,314.74",8.1800,0.6261%
06-12-2016,"1,316.82",2.0800,0.1582%
07-12-2016,"1,314.38",-2.4400,-0.1853%
09-12-2016,"1,324.80",10.4200,0.7928%
12-12-2016,"1,323.19",-1.6100,-0.1215%
13-12-2016,"1,335.46",12.2700,0.9273%
14-12-2016,"1,325.78",-9.6800,-0.7248%
15-12-2016,"1,339.89",14.1100,1.0643%
16-12-2016,"1,341.58",1.6900,0.1261%
19-12-2016,"1,340.08",-1.5000,-0.1118%
20-12-2016,"1,345.87",5.7900,0.4321%
21-12-2016,"1,342.25",-3.6200,-0.2690%
22-12-2016,"1,340.06",-2.1900,-0.1632%
23-12-2016,"1,330.31",-9.7500,-0.7276%
26-12-2016,"1,341.31",11.0000,0.8269%
27-12-2016,"1,339.06",-2.2500,-0.1677%
28-12-2016,"1,353.65",14.5900,1.0896%
29-12-2016,"1,351.68",-1.9700,-0.1455%
02-01-2017,"1,345.89",-5.7900,-0.4284%
03-01-2017,"1,354.82",8.9300,0.6635%
04-01-2017,"1,373.04",18.2200,1.3448%
05-01-2017,"1,377.88",4.8400,0.3525%
06-01-2017,"1,374.08",-3.8000,-0.2758%
10-01-2017,"1,372.50",-1.5800,-0.1150%
11-01-2017,"1,375.14",2.6400,0.1923%
12-01-2017,"1,369.64",-5.5000,-0.4000%
13-01-2017,"1,369.62",-0.0200,-0.0015%
16-01-2017,"1,361.05",-8.5700,-0.6257%
17-01-2017,"1,361.48",0.4300,0.0316%
18-01-2017,"1,360.54",-0.9400,-0.0690%
19-01-2017,"1,359.60",-0.9400,-0.0691%
20-01-2017,"1,354.35",-5.2500,-0.3861%
23-01-2017,"1,355.43",1.0800,0.0797%
24-01-2017,"1,366.91",11.4800,0.8470%
25-01-2017,"1,365.24",-1.6700,-0.1222%
26-01-2017,"1,371.38",6.1400,0.4497%
27-01-2017,"1,372.59",1.2100,0.0882%
30-01-2017,"1,364.90",-7.6900,-0.5603%
31-01-2017,"1,357.47",-7.4300,-0.5444%
01-02-2017,"1,357.83",0.3600,0.0265%
02-02-2017,"1,366.79",8.9600,0.6599%
03-02-2017,"1,369.79",3.0000,0.2195%
06-02-2017,"1,367.92",-1.8700,-0.1365%
07-02-2017,"1,360.65",-7.2700,-0.5315%
08-02-2017,"1,350.27",-10.3800,-0.7629%
09-02-2017,"1,345.97",-4.3000,-0.3185%
10-02-2017,"1,347.40",1.4300,0.1062%
13-02-2017,"1,351.36",3.9600,0.2939%
14-02-2017,"1,320.97",-30.3900,-2.2488%
15-02-2017,"1,334.88",13.9100,1.0530%
16-02-2017,"1,344.46",9.5800,0.7177%
17-02-2017,"1,341.83",-2.6300,-0.1956%
20-02-2017,"1,340.99",-0.8400,-0.0626%
21-02-2017,"1,336.52",-4.4700,-0.3333%
22-02-2017,"1,331.20",-5.3200,-0.3980%
23-02-2017,"1,341.65",10.4500,0.7850%
24-02-2017,"1,333.57",-8.0800,-0.6022%
27-02-2017,"1,334.45",0.8800,0.0660%
28-02-2017,"1,326.31",-8.1400,-0.6100%
01-03-2017,"1,328.63",2.3200,0.1749%
02-03-2017,"1,326.81",-1.8200,-0.1370%
03-03-2017,"1,329.58",2.7700,0.2088%
06-03-2017,"1,334.02",4.4400,0.3339%
07-03-2017,"1,332.81",-1.2100,-0.0907%
08-03-2017,"1,324.54",-8.2700,-0.6205%
09-03-2017,"1,330.35",5.8100,0.4386%
10-03-2017,"1,335.67",5.3200,0.3999%
13-03-2017,"1,342.42",6.7500,0.5054%
14-03-2017,"1,317.98",-24.4400,-1.8206%
15-03-2017,"1,329.96",11.9800,0.9090%
16-03-2017,"1,342.21",12.2500,0.9211%
17-03-2017,"1,337.29",-4.9200,-0.3666%
21-03-2017,"1,343.97",6.6800,0.4995%
22-03-2017,"1,351.16",7.1900,0.5350%
23-03-2017,"1,359.19",8.0300,0.5943%
24-03-2017,"1,355.53",-3.6600,-0.2693%
27-03-2017,"1,356.01",0.4800,0.0354%
28-03-2017,"1,363.61",7.6000,0.5605%
29-03-2017,"1,364.61",1.0000,0.0733%
30-03-2017,"1,369.88",5.2700,0.3862%
31-03-2017,"1,365.61",-4.2700,-0.3117%
03-04-2017,"1,368.39",2.7800,0.2036%
04-04-2017,"1,368.12",-0.2700,-0.0197%
05-04-2017,"1,371.46",3.3400,0.2441%
06-04-2017,"1,370.05",-1.4100,-0.1028%
07-04-2017,"1,368.98",-1.0700,-0.0781%
10-04-2017,"1,375.90",6.9200,0.5055%
11-04-2017,"1,374.43",-1.4700,-0.1068%
12-04-2017,"1,378.28",3.8500,0.2801%
17-04-2017,"1,371.98",-6.3000,-0.4571%
18-04-2017,"1,371.75",-0.2300,-0.0168%
19-04-2017,"1,363.44",-8.3100,-0.6058%
20-04-2017,"1,363.34",-0.1000,-0.0073%
21-04-2017,"1,362.33",-1.0100,-0.0741%
24-04-2017,"1,366.49",4.1600,0.3054%
25-04-2017,"1,372.42",5.9300,0.4340%
26-04-2017,"1,374.66",2.2400,0.1632%
27-04-2017,"1,362.45",-12.2100,-0.8882%
28-04-2017,"1,371.54",9.0900,0.6672%
02-05-2017,"1,373.17",1.6300,0.1188%
03-05-2017,"1,370.13",-3.0400,-0.2214%
04-05-2017,"1,376.63",6.5000,0.4744%
05-05-2017,"1,384.92",8.2900,0.6022%
08-05-2017,"1,403.19",18.2700,1.3192%
09-05-2017,"1,407.13",3.9400,0.2808%
10-05-2017,"1,414.84",7.7100,0.5479%
11-05-2017,"1,421.84",7.0000,0.4948%
12-05-2017,"1,443.56",21.7200,1.5276%
15-05-2017,"1,458.09",14.5300,1.0065%
16-05-2017,"1,449.37",-8.7200,-0.5980%
17-05-2017,"1,437.84",-11.5300,-0.7955%
18-05-2017,"1,429.41",-8.4300,-0.5863%
19-05-2017,"1,436.19",6.7800,0.4743%
22-05-2017,"1,436.81",0.6200,0.0432%
23-05-2017,"1,444.14",7.3300,0.5102%
24-05-2017,"1,446.19",2.0500,0.1420%
25-05-2017,"1,444.39",-1.8000,-0.1245%
26-05-2017,"1,448.93",4.5400,0.3143%
30-05-2017,"1,444.09",-4.8400,-0.3340%
31-05-2017,"1,439.48",-4.6100,-0.3192%
01-06-2017,"1,442.83",3.3500,0.2327%
02-06-2017,"1,441.81",-1.0200,-0.0707%
05-06-2017,"1,445.06",3.2500,0.2254%
06-06-2017,"1,456.53",11.4700,0.7937%
07-06-2017,"1,451.37",-5.1600,-0.3543%
08-06-2017,"1,450.26",-1.1100,-0.0765%
09-06-2017,"1,450.45",0.1900,0.0131%
12-06-2017,"1,446.91",-3.5400,-0.2441%
13-06-2017,"1,450.43",3.5200,0.2433%
14-06-2017,"1,456.73",6.3000,0.4344%
15-06-2017,"1,456.39",-0.3400,-0.0233%
16-06-2017,"1,464.77",8.3800,0.5754%
20-06-2017,"1,450.82",-13.9500,-0.9524%
21-06-2017,"1,436.70",-14.1200,-0.9732%
22-06-2017,"1,435.57",-1.1300,-0.0787%
23-06-2017,"1,435.12",-0.4500,-0.0313%
27-06-2017,"1,437.72",2.6000,0.1812%
28-06-2017,"1,449.22",11.5000,0.7999%
29-06-2017,"1,458.71",9.4900,0.6548%
30-06-2017,"1,462.90",4.1900,0.2872%
04-07-2017,"1,475.15",12.2500,0.8374%
05-07-2017,"1,480.52",5.3700,0.3640%
06-07-2017,"1,481.32",0.8000,0.0540%
07-07-2017,"1,470.32",-11.0000,-0.7426%
10-07-2017,"1,467.37",-2.9500,-0.2006%
11-07-2017,"1,474.70",7.3300,0.4995%
12-07-2017,"1,490.01",15.3100,1.0382%
13-07-2017,"1,492.09",2.0800,0.1396%
14-07-2017,"1,487.80",-4.2900,-0.2875%
17-07-2017,"1,487.54",-0.2600,-0.0175%
18-07-2017,"1,479.95",-7.5900,-0.5102%
19-07-2017,"1,468.63",-11.3200,-0.7649%
21-07-2017,"1,471.34",2.7100,0.1845%
24-07-2017,"1,475.84",4.5000,0.3058%
25-07-2017,"1,476.10",0.2600,0.0176%
26-07-2017,"1,473.63",-2.4700,-0.1673%
27-07-2017,"1,479.75",6.1200,0.4153%
28-07-2017,"1,486.79",7.0400,0.4758%
31-07-2017,"1,481.37",-5.4200,-0.3645%
01-08-2017,"1,478.09",-3.2800,-0.2214%
02-08-2017,"1,481.05",2.9600,0.2003%
03-08-2017,"1,477.95",-3.1000,-0.2093%
04-08-2017,"1,476.47",-1.4800,-0.1001%
08-08-2017,"1,469.79",-6.6800,-0.4524%
09-08-2017,"1,470.32",0.5300,0.0361%
10-08-2017,"1,463.54",-6.7800,-0.4611%
11-08-2017,"1,463.07",-0.4700,-0.0321%
14-08-2017,"1,462.44",-0.6300,-0.0431%
15-08-2017,"1,452.91",-9.5300,-0.6517%
16-08-2017,"1,468.30",15.3900,1.0593%
17-08-2017,"1,470.69",2.3900,0.1628%
18-08-2017,"1,477.21",6.5200,0.4433%
22-08-2017,"1,482.77",5.5600,0.3764%
23-08-2017,"1,481.24",-1.5300,-0.1032%
24-08-2017,"1,477.41",-3.8300,-0.2586%
25-08-2017,"1,475.17",-2.2400,-0.1516%
28-08-2017,"1,475.67",0.5000,0.0339%
29-08-2017,"1,477.89",2.2200,0.1504%
30-08-2017,"1,471.16",-6.7300,-0.4554%
31-08-2017,"1,482.27",11.1100,0.7552%
01-09-2017,"1,494.17",11.9000,0.8028%
04-09-2017,"1,501.38",7.2100,0.4825%
05-09-2017,"1,505.23",3.8500,0.2564%
06-09-2017,"1,507.42",2.1900,0.1455%
07-09-2017,"1,503.45",-3.9700,-0.2634%
08-09-2017,"1,499.58",-3.8700,-0.2574%
11-09-2017,"1,505.09",5.5100,0.3674%
12-09-2017,"1,493.78",-11.3100,-0.7515%
13-09-2017,"1,491.96",-1.8200,-0.1218%
14-09-2017,"1,491.48",-0.4800,-0.0322%
15-09-2017,"1,492.96",1.4800,0.0992%
18-09-2017,"1,496.87",3.9100,0.2619%
19-09-2017,"1,495.48",-1.3900,-0.0929%
20-09-2017,"1,486.49",-8.9900,-0.6011%
21-09-2017,"1,483.90",-2.5900,-0.1742%
22-09-2017,"1,486.15",2.2500,0.1516%
25-09-2017,"1,482.80",-3.3500,-0.2254%
26-09-2017,"1,481.21",-1.5900,-0.1072%
27-09-2017,"1,487.26",6.0500,0.4084%
28-09-2017,"1,486.62",-0.6400,-0.0430%
29-09-2017,"1,487.52",0.9000,0.0605%
02-10-2017,"1,487.54",0.0200,0.0013%
03-10-2017,"1,487.92",0.3800,0.0255%
04-10-2017,"1,484.12",-3.8000,-0.2554%
05-10-2017,"1,486.71",2.5900,0.1745%
06-10-2017,"1,491.47",4.7600,0.3202%
09-10-2017,"1,484.05",-7.4200,-0.4975%
10-10-2017,"1,486.06",2.0100,0.1354%
11-10-2017,"1,483.70",-2.3600,-0.1588%
12-10-2017,"1,484.69",0.9900,0.0667%
13-10-2017,"1,486.35",1.6600,0.1118%
17-10-2017,"1,480.99",-5.3600,-0.3606%
18-10-2017,"1,478.76",-2.2300,-0.1506%
19-10-2017,"1,469.15",-9.6100,-0.6499%
20-10-2017,"1,464.99",-4.1600,-0.2832%
23-10-2017,"1,460.36",-4.6300,-0.3160%
24-10-2017,"1,460.35",-0.0100,-0.0007%
25-10-2017,"1,469.71",9.3600,0.6409%
26-10-2017,"1,471.17",1.4600,0.0993%
27-10-2017,"1,445.07",-26.1000,-1.7741%
30-10-2017,"1,437.16",-7.9100,-0.5474%
31-10-2017,"1,424.58",-12.5800,-0.8753%
01-11-2017,"1,439.81",15.2300,1.0691%
02-11-2017,"1,425.88",-13.9300,-0.9675%
03-11-2017,"1,418.58",-7.3000,-0.5120%
07-11-2017,"1,435.12",16.5400,1.1660%
08-11-2017,"1,434.78",-0.3400,-0.0237%
09-11-2017,"1,440.38",5.6000,0.3903%
10-11-2017,"1,434.36",-6.0200,-0.4179%
14-11-2017,"1,425.18",-9.1800,-0.6400%
15-11-2017,"1,430.64",5.4600,0.3831%
16-11-2017,"1,436.59",5.9500,0.4159%
17-11-2017,"1,443.55",6.9600,0.4845%
20-11-2017,"1,446.28",2.7300,0.1891%
21-11-2017,"1,448.48",2.2000,0.1521%
22-11-2017,"1,451.49",3.0100,0.2078%
23-11-2017,"1,450.92",-0.5700,-0.0393%
24-11-2017,"1,449.66",-1.2600,-0.0868%
27-11-2017,"1,446.35",-3.3100,-0.2283%
28-11-2017,"1,446.91",0.5600,0.0387%
29-11-2017,"1,449.52",2.6100,0.1804%
30-11-2017,"1,445.23",-4.2900,-0.2960%
01-12-2017,"1,449.85",4.6200,0.3197%
04-12-2017,"1,443.47",-6.3800,-0.4400%
05-12-2017,"1,447.47",4.0000,0.2771%
06-12-2017,"1,446.21",-1.2600,-0.0870%
07-12-2017,"1,449.35",3.1400,0.2171%
11-12-2017,"1,470.12",20.7700,1.4331%
12-12-2017,"1,470.10",-0.0200,-0.0014%
13-12-2017,"1,472.75",2.6500,0.1803%
14-12-2017,"1,475.39",2.6400,0.1793%
15-12-2017,"1,465.02",-10.3700,-0.7029%
18-12-2017,"1,474.59",9.5700,0.6532%
19-12-2017,"1,475.94",1.3500,0.0916%
20-12-2017,"1,481.49",5.5500,0.3760%
21-12-2017,"1,488.32",6.8300,0.4610%
22-12-2017,"1,493.93",5.6100,0.3769%
26-12-2017,"1,493.50",-0.4300,-0.0288%
27-12-2017,"1,505.00",11.5000,0.7700%
28-12-2017,"1,513.65",8.6500,0.5748%
02-01-2018,"1,516.68",0.0000,0.0000%
03-01-2018,"1,515.84",-0.8400,-0.0554%
04-01-2018,"1,531.68",15.8400,1.0450%
05-01-2018,"1,545.57",13.8900,0.9068%
09-01-2018,"1,547.31",1.7400,0.1126%
10-01-2018,"1,537.70",-9.6100,-0.6211%
11-01-2018,"1,523.33",-14.3700,-0.9345%
12-01-2018,"1,521.41",-1.9200,-0.1260%
15-01-2018,"1,513.76",-7.6500,-0.5028%
16-01-2018,"1,539.10",25.3400,1.6740%
17-01-2018,"1,543.54",4.4400,0.2885%
18-01-2018,"1,548.07",4.5300,0.2935%
19-01-2018,"1,551.04",2.9700,0.1919%
22-01-2018,"1,557.86",6.8200,0.4397%
23-01-2018,"1,570.34",12.4800,0.8011%
24-01-2018,"1,589.60",19.2600,1.2265%
25-01-2018,"1,588.97",-0.6300,-0.0396%
26-01-2018,"1,592.82",3.8500,0.2423%
29-01-2018,"1,598.40",5.5800,0.3503%
30-01-2018,"1,582.98",-15.4200,-0.9647%
31-01-2018,"1,558.18",-24.8000,-1.5667%
01-02-2018,"1,580.97",22.7900,1.4626%
02-02-2018,"1,567.74",-13.2300,-0.8368%
05-02-2018,"1,523.07",-44.6700,-2.8493%
06-02-2018,"1,526.83",3.7600,0.2469%
07-02-2018,"1,526.87",0.0400,0.0026%
08-02-2018,"1,504.77",-22.1000,-1.4474%
09-02-2018,"1,500.99",-3.7800,-0.2512%
12-02-2018,"1,509.48",8.4900,0.5656%
13-02-2018,"1,504.98",-4.5000,-0.2981%
14-02-2018,"1,518.78",13.8000,0.9170%
15-02-2018,"1,514.36",-4.4200,-0.2910%
16-02-2018,"1,520.71",6.3500,0.4193%
19-02-2018,"1,515.70",-5.0100,-0.3295%
20-02-2018,"1,517.39",1.6900,0.1115%
21-02-2018,"1,525.24",7.8500,0.5173%
22-02-2018,"1,532.20",6.9600,0.4563%
23-02-2018,"1,532.60",0.4000,0.0261%
26-02-2018,"1,524.90",-7.7000,-0.5024%
27-02-2018,"1,516.53",-8.3700,-0.5489%
28-02-2018,"1,478.33",-38.2000,-2.5189%
01-03-2018,"1,466.28",-12.0500,-0.8151%
02-03-2018,"1,456.38",-9.9000,-0.6752%
05-03-2018,"1,469.83",13.4500,0.9235%
06-03-2018,"1,475.53",5.7000,0.3878%
07-03-2018,"1,473.76",-1.7700,-0.1200%
08-03-2018,"1,474.31",0.5500,0.0373%
09-03-2018,"1,482.10",7.7900,0.5284%
12-03-2018,"1,478.88",-3.2200,-0.2173%
13-03-2018,"1,467.60",-11.2800,-0.7627%
14-03-2018,"1,463.78",-3.8200,-0.2603%
15-03-2018,"1,467.22",3.4400,0.2350%
16-03-2018,"1,475.75",8.5300,0.5814%
20-03-2018,"1,476.89",1.1400,0.0772%
21-03-2018,"1,486.03",9.1400,0.6189%
22-03-2018,"1,468.44",-17.5900,-1.1837%
23-03-2018,"1,459.06",-9.3800,-0.6388%
26-03-2018,"1,469.04",9.9800,0.6840%
27-03-2018,"1,450.00",-19.0400,-1.2961%
28-03-2018,"1,455.52",5.5200,0.3807%
02-04-2018,"1,470.88",15.3600,1.0553%
03-04-2018,"1,492.84",21.9600,1.4930%
04-04-2018,"1,497.59",4.7500,0.3182%
05-04-2018,"1,514.84",17.2500,1.1519%
06-04-2018,"1,520.76",5.9200,0.3908%
09-04-2018,"1,531.72",10.9600,0.7207%
10-04-2018,"1,548.01",16.2900,1.0635%
11-04-2018,"1,560.08",12.0700,0.7797%
12-04-2018,"1,555.87",-4.2100,-0.2699%
13-04-2018,"1,538.44",-17.4300,-1.1203%
16-04-2018,"1,530.00",-8.4400,-0.5486%
17-04-2018,"1,552.16",22.1600,1.4484%
18-04-2018,"1,562.16",10.0000,0.6443%
19-04-2018,"1,572.45",10.2900,0.6587%
20-04-2018,"1,561.45",-11.0000,-0.6995%
23-04-2018,"1,576.65",15.2000,0.9735%
24-04-2018,"1,562.55",-14.1000,-0.8943%
25-04-2018,"1,558.05",-4.5000,-0.2880%
26-04-2018,"1,553.34",-4.7100,-0.3023%
27-04-2018,"1,566.45",13.1100,0.8440%