Fecha (dd/mm/aaaa),Tasa de cambio representativa del mercado (TRM),Variación Porcentual
15-01-2008,1949.43,-1.809
16-01-2008,1948.91,-0.027
17-01-2008,1960.49,0.594
18-01-2008,1947.6,-0.657
19-01-2008,1968.13,1.054
20-01-2008,1968.13,0.000
21-01-2008,1968.13,0.000
22-01-2008,1968.13,0.000
23-01-2008,2007.41,1.996
24-01-2008,2005.08,-0.116
25-01-2008,1970.65,-1.717
26-01-2008,1961.3,-0.474
27-01-2008,1961.3,0.000
28-01-2008,1961.3,0.000
29-01-2008,1969.65,0.426
30-01-2008,1946.54,-1.173
31-01-2008,1939.6,-0.357
01-02-2008,1939.77,0.009
02-02-2008,1921.94,-0.919
03-02-2008,1921.94,0.000
04-02-2008,1921.94,0.000
05-02-2008,1917.26,-0.244
06-02-2008,1928.3,0.576
07-02-2008,1929.7,0.073
08-02-2008,1935.49,0.300
09-02-2008,1923.08,-0.641
10-02-2008,1923.08,0.000
11-02-2008,1923.08,0.000
12-02-2008,1912.8,-0.535
13-02-2008,1901.38,-0.597
14-02-2008,1898.4,-0.157
15-02-2008,1894.87,-0.186
16-02-2008,1905.37,0.554
17-02-2008,1905.37,0.000
18-02-2008,1905.37,0.000
19-02-2008,1905.37,0.000
20-02-2008,1890.74,-0.768
21-02-2008,1910.81,1.061
22-02-2008,1895.85,-0.783
23-02-2008,1892,-0.203
24-02-2008,1892,0.000
25-02-2008,1892,0.000
26-02-2008,1887.97,-0.213
27-02-2008,1879.19,-0.465
28-02-2008,1854.87,-1.294
29-02-2008,1843.59,-0.608
01-03-2008,1845.17,0.086
02-03-2008,1845.17,0.000
03-03-2008,1845.17,0.000
04-03-2008,1849.46,0.232
05-03-2008,1841.61,-0.424
06-03-2008,1856.69,0.819
07-03-2008,1880.12,1.262
08-03-2008,1902.17,1.173
09-03-2008,1902.17,0.000
10-03-2008,1902.17,0.000
11-03-2008,1864.78,-1.966
12-03-2008,1865.98,0.064
13-03-2008,1853.41,-0.674
14-03-2008,1856.01,0.140
15-03-2008,1843.95,-0.650
16-03-2008,1843.95,0.000
17-03-2008,1843.95,0.000
18-03-2008,1857.55,0.738
19-03-2008,1823.11,-1.854
20-03-2008,1815.65,-0.409
21-03-2008,1815.65,0.000
22-03-2008,1815.65,0.000
23-03-2008,1815.65,0.000
24-03-2008,1815.65,0.000
25-03-2008,1815.65,0.000
26-03-2008,1835.01,1.066
27-03-2008,1821.31,-0.747
28-03-2008,1810.68,-0.584
29-03-2008,1821.6,0.603
30-03-2008,1821.6,0.000
31-03-2008,1821.6,0.000
01-04-2008,1834.96,0.733
02-04-2008,1827.94,-0.383
03-04-2008,1826.34,-0.088
04-04-2008,1824.39,-0.107
05-04-2008,1816.28,-0.445
06-04-2008,1816.28,0.000
07-04-2008,1816.28,0.000
08-04-2008,1811.23,-0.278
09-04-2008,1812.85,0.089
10-04-2008,1799.07,-0.760
11-04-2008,1791.63,-0.414
12-04-2008,1792.49,0.048
13-04-2008,1792.49,0.000
14-04-2008,1792.49,0.000
15-04-2008,1792.69,0.011
16-04-2008,1797.89,0.290
17-04-2008,1798.89,0.056
18-04-2008,1792.87,-0.335
19-04-2008,1785.17,-0.429
20-04-2008,1785.17,0.000
21-04-2008,1785.17,0.000
22-04-2008,1780.79,-0.245
23-04-2008,1775.08,-0.321
24-04-2008,1765.3,-0.551
25-04-2008,1765.75,0.025
26-04-2008,1775.22,0.536
27-04-2008,1775.22,0.000
28-04-2008,1775.22,0.000
29-04-2008,1767.73,-0.422
30-04-2008,1780.21,0.706
01-05-2008,1767.27,-0.727
02-05-2008,1767.27,0.000
03-05-2008,1756.25,-0.624
04-05-2008,1756.25,0.000
05-05-2008,1756.25,0.000
06-05-2008,1756.25,0.000
07-05-2008,1769.32,0.744
08-05-2008,1787.62,1.034
09-05-2008,1793.13,0.308
10-05-2008,1781.79,-0.632
11-05-2008,1781.79,0.000
12-05-2008,1781.79,0.000
13-05-2008,1781.29,-0.028
14-05-2008,1780.01,-0.072
15-05-2008,1787.65,0.429
16-05-2008,1792.94,0.296
17-05-2008,1785.04,-0.441
18-05-2008,1785.04,0.000
19-05-2008,1785.04,0.000
20-05-2008,1779.35,-0.319
21-05-2008,1787.59,0.463
22-05-2008,1779.48,-0.454
23-05-2008,1779.59,0.006
24-05-2008,1777.98,-0.090
25-05-2008,1777.98,0.000
26-05-2008,1777.98,0.000
27-05-2008,1777.98,0.000
28-05-2008,1772.55,-0.305
29-05-2008,1767.41,-0.290
30-05-2008,1755.95,-0.648
31-05-2008,1744.01,-0.680
01-06-2008,1744.01,0.000
02-06-2008,1744.01,0.000
03-06-2008,1744.01,0.000
04-06-2008,1730.61,-0.768
05-06-2008,1728.76,-0.107
06-06-2008,1709.95,-1.088
07-06-2008,1702.44,-0.439
08-06-2008,1702.44,0.000
09-06-2008,1702.44,0.000
10-06-2008,1687.13,-0.899
11-06-2008,1696.79,0.573
12-06-2008,1700.94,0.245
13-06-2008,1705.35,0.259
14-06-2008,1707.87,0.148
15-06-2008,1707.87,0.000
16-06-2008,1707.87,0.000
17-06-2008,1684.52,-1.367
18-06-2008,1655.42,-1.727
19-06-2008,1652.41,-0.182
20-06-2008,1670.31,1.083
21-06-2008,1678.82,0.509
22-06-2008,1678.82,0.000
23-06-2008,1678.82,0.000
24-06-2008,1713.63,2.073
25-06-2008,1748.04,2.008
26-06-2008,1783.44,2.025
27-06-2008,1832.81,2.768
28-06-2008,1923.02,4.922
29-06-2008,1923.02,0.000
30-06-2008,1923.02,0.000
01-07-2008,1923.02,0.000
02-07-2008,1915.44,-0.394
03-07-2008,1818.6,-5.056
04-07-2008,1748.43,-3.858
05-07-2008,1748.43,0.000
06-07-2008,1748.43,0.000
07-07-2008,1748.43,0.000
08-07-2008,1719.48,-1.656
09-07-2008,1736.49,0.989
10-07-2008,1728.74,-0.446
11-07-2008,1768.09,2.276
12-07-2008,1778.8,0.606
13-07-2008,1778.8,0.000
14-07-2008,1778.8,0.000
15-07-2008,1753.51,-1.422
16-07-2008,1777.17,1.349
17-07-2008,1768.53,-0.486
18-07-2008,1757.79,-0.607
19-07-2008,1788.24,1.732
20-07-2008,1788.24,0.000
21-07-2008,1788.24,0.000
22-07-2008,1802.01,0.770
23-07-2008,1797.43,-0.254
24-07-2008,1772.25,-1.401
25-07-2008,1777.1,0.274
26-07-2008,1785.17,0.454
27-07-2008,1785.17,0.000
28-07-2008,1785.17,0.000
29-07-2008,1764.48,-1.159
30-07-2008,1789.68,1.428
31-07-2008,1792.24,0.143
01-08-2008,1800.54,0.463
02-08-2008,1779.97,-1.142
03-08-2008,1779.97,0.000
04-08-2008,1779.97,0.000
05-08-2008,1771.31,-0.487
06-08-2008,1772.16,0.048
07-08-2008,1782.92,0.607
08-08-2008,1782.92,0.000
09-08-2008,1816.25,1.869
10-08-2008,1816.25,0.000
11-08-2008,1816.25,0.000
12-08-2008,1821.76,0.303
13-08-2008,1836.25,0.795
14-08-2008,1854.16,0.975
15-08-2008,1853.45,-0.038
16-08-2008,1882.11,1.546
17-08-2008,1882.11,0.000
18-08-2008,1882.11,0.000
19-08-2008,1882.11,0.000
20-08-2008,1891.99,0.525
21-08-2008,1880.69,-0.597
22-08-2008,1864.26,-0.874
23-08-2008,1872.07,0.419
24-08-2008,1872.07,0.000
25-08-2008,1872.07,0.000
26-08-2008,1873.94,0.100
27-08-2008,1892.06,0.967
28-08-2008,1887.71,-0.230
29-08-2008,1907.97,1.073
30-08-2008,1932.2,1.270
31-08-2008,1932.2,0.000
01-09-2008,1932.2,0.000
02-09-2008,1932.2,0.000
03-09-2008,1975.1,2.220
04-09-2008,1992.59,0.886
05-09-2008,2017.53,1.252
06-09-2008,2041.81,1.203
07-09-2008,2041.81,0.000
08-09-2008,2041.81,0.000
09-09-2008,2031.12,-0.524
10-09-2008,2071.24,1.975
11-09-2008,2081.32,0.487
12-09-2008,2082.46,0.055
13-09-2008,2051.55,-1.484
14-09-2008,2051.55,0.000
15-09-2008,2051.55,0.000
16-09-2008,2071.29,0.962
17-09-2008,2109.37,1.838
18-09-2008,2139.14,1.411
19-09-2008,2187.01,2.238
20-09-2008,2067.45,-5.467
21-09-2008,2067.45,0.000
22-09-2008,2067.45,0.000
23-09-2008,2045.85,-1.045
24-09-2008,2077.59,1.551
25-09-2008,2147.41,3.361
26-09-2008,2118.31,-1.355
27-09-2008,2105.61,-0.600
28-09-2008,2105.61,0.000
29-09-2008,2105.61,0.000
30-09-2008,2174.62,3.277
01-10-2008,2184.76,0.466
02-10-2008,2166.05,-0.856
03-10-2008,2192.69,1.230
04-10-2008,2160.08,-1.487
05-10-2008,2160.08,0.000
06-10-2008,2160.08,0.000
07-10-2008,2250.73,4.197
08-10-2008,2261.96,0.499
09-10-2008,2326.41,2.849
10-10-2008,2254.24,-3.102
11-10-2008,2318.63,2.856
12-10-2008,2318.63,0.000
13-10-2008,2318.63,0.000
14-10-2008,2318.63,0.000
15-10-2008,2223.94,-4.084
16-10-2008,2316.54,4.164
17-10-2008,2304.68,-0.512
18-10-2008,2271.98,-1.419
19-10-2008,2271.98,0.000
20-10-2008,2271.98,0.000
21-10-2008,2243.49,-1.254
22-10-2008,2296.32,2.355
23-10-2008,2346.47,2.184
24-10-2008,2361.01,0.620
25-10-2008,2386.48,1.079
26-10-2008,2386.48,0.000
27-10-2008,2386.48,0.000
28-10-2008,2379.24,-0.303
29-10-2008,2382.31,0.129
30-10-2008,2374.1,-0.345
31-10-2008,2359.52,-0.614
01-11-2008,2392.28,1.388
02-11-2008,2392.28,0.000
03-11-2008,2392.28,0.000
04-11-2008,2392.28,0.000
05-11-2008,2351.56,-1.702
06-11-2008,2327.78,-1.011
07-11-2008,2342.65,0.639
08-11-2008,2317.34,-1.080
09-11-2008,2317.34,0.000
10-11-2008,2317.34,0.000
11-11-2008,2281.24,-1.558
12-11-2008,2281.24,0.000
13-11-2008,2335.02,2.357
14-11-2008,2329.82,-0.223
15-11-2008,2308.65,-0.909
16-11-2008,2308.65,0.000
17-11-2008,2308.65,0.000
18-11-2008,2308.65,0.000
19-11-2008,2329.9,0.920
20-11-2008,2342.18,0.527
21-11-2008,2359.26,0.729
22-11-2008,2355.71,-0.150
23-11-2008,2355.71,0.000
24-11-2008,2355.71,0.000
25-11-2008,2314.72,-1.740
26-11-2008,2307.37,-0.318
27-11-2008,2324.1,0.725
28-11-2008,2324.1,0.000
29-11-2008,2318,-0.262
30-11-2008,2318,0.000
01-12-2008,2318,0.000
02-12-2008,2320.12,0.091
03-12-2008,2315.35,-0.206
04-12-2008,2317.48,0.092
05-12-2008,2323.28,0.250
06-12-2008,2333.54,0.442
07-12-2008,2333.54,0.000
08-12-2008,2333.54,0.000
09-12-2008,2333.54,0.000
10-12-2008,2311.7,-0.936
11-12-2008,2302.93,-0.379
12-12-2008,2278.29,-1.070
13-12-2008,2273.24,-0.222
14-12-2008,2273.24,0.000
15-12-2008,2273.24,0.000
16-12-2008,2254.5,-0.824
17-12-2008,2223.3,-1.384
18-12-2008,2173.86,-2.224
19-12-2008,2163.14,-0.493
20-12-2008,2167.35,0.195
21-12-2008,2167.35,0.000
22-12-2008,2167.35,0.000
23-12-2008,2169.83,0.114
24-12-2008,2180.49,0.491
25-12-2008,2198.09,0.807
26-12-2008,2198.09,0.000
27-12-2008,2204.95,0.312
28-12-2008,2204.95,0.000
29-12-2008,2204.95,0.000
30-12-2008,2234,1.317
31-12-2008,2243.59,0.429
01-01-2009,2243.59,0.000
02-01-2009,2243.59,0.000
03-01-2009,2234.81,-0.391
04-01-2009,2234.81,0.000
05-01-2009,2234.81,0.000
06-01-2009,2227.24,-0.339
07-01-2009,2197.72,-1.325
08-01-2009,2214.13,0.747
09-01-2009,2220.82,0.302
10-01-2009,2216.23,-0.207
11-01-2009,2216.23,0.000
12-01-2009,2216.23,0.000
13-01-2009,2216.23,0.000
14-01-2009,2226.87,0.480
15-01-2009,2234.4,0.338
16-01-2009,2249.64,0.682
17-01-2009,2227.68,-0.976
18-01-2009,2227.68,0.000
19-01-2009,2227.68,0.000
20-01-2009,2227.68,0.000
21-01-2009,2245.28,0.790
22-01-2009,2245.97,0.031
23-01-2009,2247.87,0.085
24-01-2009,2280.77,1.464
25-01-2009,2280.77,0.000
26-01-2009,2280.77,0.000
27-01-2009,2280.43,-0.015
28-01-2009,2310.83,1.333
29-01-2009,2341.09,1.309
30-01-2009,2386.58,1.943
31-01-2009,2420.26,1.411
01-02-2009,2420.26,0.000
02-02-2009,2420.26,0.000
03-02-2009,2450.78,1.261
04-02-2009,2443.67,-0.290
05-02-2009,2469.02,1.037
06-02-2009,2472.65,0.147
07-02-2009,2449.49,-0.937
08-02-2009,2449.49,0.000
09-02-2009,2449.49,0.000
10-02-2009,2450.6,0.045
11-02-2009,2494.07,1.774
12-02-2009,2537.82,1.754
13-02-2009,2520.06,-0.700
14-02-2009,2509.5,-0.419
15-02-2009,2509.5,0.000
16-02-2009,2509.5,0.000
17-02-2009,2509.5,0.000
18-02-2009,2554.4,1.789
19-02-2009,2558.14,0.146
20-02-2009,2547.4,-0.420
21-02-2009,2588.31,1.606
22-02-2009,2588.31,0.000
23-02-2009,2588.31,0.000
24-02-2009,2572.3,-0.619
25-02-2009,2596.37,0.936
26-02-2009,2575.5,-0.804
27-02-2009,2555.05,-0.794
28-02-2009,2555.89,0.033
01-03-2009,2555.89,0.000
02-03-2009,2555.89,0.000
03-03-2009,2590.97,1.373
04-03-2009,2588.96,-0.078
05-03-2009,2589.48,0.020
06-03-2009,2572.92,-0.640
07-03-2009,2548.57,-0.946
08-03-2009,2548.57,0.000
09-03-2009,2548.57,0.000
10-03-2009,2559.36,0.423
11-03-2009,2525.06,-1.340
12-03-2009,2506.73,-0.726
13-03-2009,2481.26,-1.016
14-03-2009,2445.3,-1.449
15-03-2009,2445.3,0.000
16-03-2009,2445.3,0.000
17-03-2009,2390.96,-2.222
18-03-2009,2390.98,0.001
19-03-2009,2383.15,-0.327
20-03-2009,2335.29,-2.008
21-03-2009,2340.83,0.237
22-03-2009,2340.83,0.000
23-03-2009,2340.83,0.000
24-03-2009,2340.83,0.000
25-03-2009,2353.21,0.529
26-03-2009,2379.94,1.136
27-03-2009,2435.81,2.348
28-03-2009,2485.56,2.042
29-03-2009,2485.56,0.000
30-03-2009,2485.56,0.000
31-03-2009,2561.21,3.044
01-04-2009,2544.24,-0.663
02-04-2009,2534.99,-0.364
03-04-2009,2451.72,-3.285
04-04-2009,2422.71,-1.183
05-04-2009,2422.71,0.000
06-04-2009,2422.71,0.000
07-04-2009,2408.42,-0.590
08-04-2009,2416.63,0.341
09-04-2009,2388.11,-1.180
10-04-2009,2388.11,0.000
11-04-2009,2388.11,0.000
12-04-2009,2388.11,0.000
13-04-2009,2388.11,0.000
14-04-2009,2392.22,0.172
15-04-2009,2394.27,0.086
16-04-2009,2380.69,-0.567
17-04-2009,2344.98,-1.500
18-04-2009,2343.34,-0.070
19-04-2009,2343.34,0.000
20-04-2009,2343.34,0.000
21-04-2009,2376.38,1.410
22-04-2009,2338.6,-1.590
23-04-2009,2318.83,-0.845
24-04-2009,2300.74,-0.780
25-04-2009,2283.2,-0.762
26-04-2009,2283.2,0.000
27-04-2009,2283.2,0.000
28-04-2009,2325.02,1.832
29-04-2009,2332.47,0.320
30-04-2009,2289.73,-1.832
01-05-2009,2288.64,-0.048
02-05-2009,2288.64,0.000
03-05-2009,2288.64,0.000
04-05-2009,2288.64,0.000
05-05-2009,2272.55,-0.703
06-05-2009,2256.99,-0.685
07-05-2009,2233.5,-1.041
08-05-2009,2208.98,-1.098
09-05-2009,2210.35,0.062
10-05-2009,2210.35,0.000
11-05-2009,2210.35,0.000
12-05-2009,2220.92,0.478
13-05-2009,2221.4,0.022
14-05-2009,2257.36,1.619
15-05-2009,2251.53,-0.258
16-05-2009,2252.8,0.056
17-05-2009,2252.8,0.000
18-05-2009,2252.8,0.000
19-05-2009,2255.22,0.107
20-05-2009,2221.27,-1.505
21-05-2009,2196.21,-1.128
22-05-2009,2206.6,0.473
23-05-2009,2201.44,-0.234
24-05-2009,2201.44,0.000
25-05-2009,2201.44,0.000
26-05-2009,2201.44,0.000
27-05-2009,2213.89,0.566
28-05-2009,2208.89,-0.226
29-05-2009,2190.45,-0.835
30-05-2009,2140.66,-2.273
31-05-2009,2140.66,0.000
01-06-2009,2140.66,0.000
02-06-2009,2109.42,-1.459
03-06-2009,2077.02,-1.536
04-06-2009,2073.55,-0.167
05-06-2009,2072,-0.075
06-06-2009,2063.1,-0.430
07-06-2009,2063.1,0.000
08-06-2009,2063.1,0.000
09-06-2009,2091.1,1.357
10-06-2009,2060.18,-1.479
11-06-2009,2042.19,-0.873
12-06-2009,2026.17,-0.784
13-06-2009,2015.4,-0.532
14-06-2009,2015.4,0.000
15-06-2009,2015.4,0.000
16-06-2009,2015.4,0.000
17-06-2009,2014.91,-0.024
18-06-2009,2071.29,2.798
19-06-2009,2074.72,0.166
20-06-2009,2108.2,1.614
21-06-2009,2108.2,0.000
22-06-2009,2108.2,0.000
23-06-2009,2108.2,0.000
24-06-2009,2165,2.694
25-06-2009,2158.72,-0.290
26-06-2009,2188.5,1.380
27-06-2009,2158.67,-1.363
28-06-2009,2158.67,0.000
29-06-2009,2158.67,0.000
30-06-2009,2158.67,0.000
01-07-2009,2145.21,-0.624
02-07-2009,2111.71,-1.562
03-07-2009,2096.23,-0.733
04-07-2009,2086.36,-0.471
05-07-2009,2086.36,0.000
06-07-2009,2086.36,0.000
07-07-2009,2109.08,1.089
08-07-2009,2090.35,-0.888
09-07-2009,2108.2,0.854
10-07-2009,2105.36,-0.135
11-07-2009,2116.99,0.552
12-07-2009,2116.99,0.000
13-07-2009,2116.99,0.000
14-07-2009,2085.74,-1.476
15-07-2009,2054.19,-1.513
16-07-2009,2018.93,-1.716
17-07-2009,2025.71,0.336
18-07-2009,2006.82,-0.933
19-07-2009,2006.82,0.000
20-07-2009,2006.82,0.000
21-07-2009,2006.82,0.000
22-07-2009,1986.35,-1.020
23-07-2009,1975.05,-0.569
24-07-2009,1953.12,-1.110
25-07-2009,1970.11,0.870
26-07-2009,1970.11,0.000
27-07-2009,1970.11,0.000
28-07-2009,1982.43,0.625
29-07-2009,2013.82,1.583
30-07-2009,2073.92,2.984
31-07-2009,2043.37,-1.473
01-08-2009,2040.95,-0.118
02-08-2009,2040.95,0.000
03-08-2009,2040.95,0.000
04-08-2009,2008.96,-1.567
05-08-2009,1992.98,-0.795
06-08-2009,1987.84,-0.258
07-08-2009,1997.01,0.461
08-08-2009,1997.01,0.000
09-08-2009,1997.01,0.000
10-08-2009,1997.01,0.000
11-08-2009,2022.56,1.279
12-08-2009,2050.45,1.379
13-08-2009,2026.45,-1.170
14-08-2009,1999.98,-1.306
15-08-2009,2016.09,0.806
16-08-2009,2016.09,0.000
17-08-2009,2016.09,0.000
18-08-2009,2016.09,0.000
19-08-2009,2037.1,1.042
20-08-2009,2041.91,0.236
21-08-2009,2012.67,-1.432
22-08-2009,1997.31,-0.763
23-08-2009,1997.31,0.000
24-08-2009,1997.31,0.000
25-08-2009,1997.44,0.007
26-08-2009,2007.2,0.489
27-08-2009,2044.79,1.873
28-08-2009,2043.65,-0.056
29-08-2009,2035,-0.423
30-08-2009,2035,0.000
31-08-2009,2035,0.000
01-09-2009,2057.81,1.121
02-09-2009,2068.96,0.542
03-09-2009,2065.73,-0.156
04-09-2009,2029.75,-1.742
05-09-2009,2018.72,-0.543
06-09-2009,2018.72,0.000
07-09-2009,2018.72,0.000
08-09-2009,2018.72,0.000
09-09-2009,1994.44,-1.203
10-09-2009,1998.17,0.187
11-09-2009,2008.95,0.539
12-09-2009,1985.38,-1.173
13-09-2009,1985.38,0.000
14-09-2009,1985.38,0.000
15-09-2009,1998.99,0.686
16-09-2009,1986.86,-0.607
17-09-2009,1960.76,-1.314
18-09-2009,1962.6,0.094
19-09-2009,1951.38,-0.572
20-09-2009,1951.38,0.000
21-09-2009,1951.38,0.000
22-09-2009,1950.77,-0.031
23-09-2009,1914.47,-1.861
24-09-2009,1911.66,-0.147
25-09-2009,1922.5,0.567
26-09-2009,1926.59,0.213
27-09-2009,1926.59,0.000
28-09-2009,1926.59,0.000
29-09-2009,1921.64,-0.257
30-09-2009,1922,0.019
01-10-2009,1925.49,0.182
02-10-2009,1918.87,-0.344
03-10-2009,1919.75,0.046
04-10-2009,1919.75,0.000
05-10-2009,1919.75,0.000
06-10-2009,1925.57,0.303
07-10-2009,1906.59,-0.986
08-10-2009,1897.31,-0.487
09-10-2009,1870.96,-1.389
10-10-2009,1857.21,-0.735
11-10-2009,1857.21,0.000
12-10-2009,1857.21,0.000
13-10-2009,1857.21,0.000
14-10-2009,1825.68,-1.698
15-10-2009,1830.38,0.257
16-10-2009,1838.26,0.431
17-10-2009,1843.81,0.302
18-10-2009,1843.81,0.000
19-10-2009,1843.81,0.000
20-10-2009,1858.4,0.791
21-10-2009,1913.98,2.991
22-10-2009,1910.04,-0.206
23-10-2009,1914.89,0.254
24-10-2009,1924.35,0.494
25-10-2009,1924.35,0.000
26-10-2009,1924.35,0.000
27-10-2009,1932.81,0.440
28-10-2009,1977.26,2.300
29-10-2009,2006.18,1.463
30-10-2009,2004.37,-0.090
31-10-2009,1993.8,-0.527
01-11-2009,1993.8,0.000
02-11-2009,1993.8,0.000
03-11-2009,1993.8,0.000
04-11-2009,2008.72,0.748
05-11-2009,1963.7,-2.241
06-11-2009,1958.24,-0.278
07-11-2009,1981.61,1.193
08-11-2009,1981.61,0.000
09-11-2009,1981.61,0.000
10-11-2009,1968.45,-0.664
11-11-2009,1969.52,0.054
12-11-2009,1969.52,0.000
13-11-2009,1976.89,0.374
14-11-2009,1971.27,-0.284
15-11-2009,1971.27,0.000
16-11-2009,1971.27,0.000
17-11-2009,1971.27,0.000
18-11-2009,1966.22,-0.256
19-11-2009,1953.45,-0.649
20-11-2009,1962.33,0.455
21-11-2009,1974.47,0.619
22-11-2009,1974.47,0.000
23-11-2009,1974.47,0.000
24-11-2009,1964.92,-0.484
25-11-2009,1969.01,0.208
26-11-2009,1974.14,0.261
27-11-2009,1974.14,0.000
28-11-2009,1997.47,1.182
29-11-2009,1997.47,0.000
30-11-2009,1997.47,0.000
01-12-2009,1998.45,0.049
02-12-2009,1990.29,-0.408
03-12-2009,1990.8,0.026
04-12-2009,1989.94,-0.043
05-12-2009,2003.94,0.704
06-12-2009,2003.94,0.000
07-12-2009,2003.94,0.000
08-12-2009,2009.45,0.275
09-12-2009,2009.45,0.000
10-12-2009,2016.73,0.362
11-12-2009,2016.17,-0.028
12-12-2009,2000.54,-0.775
13-12-2009,2000.54,0.000
14-12-2009,2000.54,0.000
15-12-2009,1992.1,-0.422
16-12-2009,2001.86,0.490
17-12-2009,2005.09,0.161
18-12-2009,2015.74,0.531
19-12-2009,2025.85,0.502
20-12-2009,2025.85,0.000
21-12-2009,2025.85,0.000
22-12-2009,2030.17,0.213
23-12-2009,2054.1,1.179
24-12-2009,2045.07,-0.440
25-12-2009,2043.41,-0.081
26-12-2009,2043.41,0.000
27-12-2009,2043.41,0.000
28-12-2009,2043.41,0.000
29-12-2009,2037.92,-0.269
30-12-2009,2046.2,0.406
31-12-2009,2044.23,-0.096
01-01-2010,2044.23,0.000
02-01-2010,2044.23,0.000
03-01-2010,2044.23,0.000
04-01-2010,2044.23,0.000
05-01-2010,2021.21,-1.126
06-01-2010,1992.78,-1.407
07-01-2010,1971.32,-1.077
08-01-2010,1969.08,-0.114
09-01-2010,1968.24,-0.043
10-01-2010,1968.24,0.000
11-01-2010,1968.24,0.000
12-01-2010,1968.24,0.000
13-01-2010,1959.43,-0.448
14-01-2010,1965.81,0.326
15-01-2010,1974.13,0.423
16-01-2010,1967.4,-0.341
17-01-2010,1967.4,0.000
18-01-2010,1967.4,0.000
19-01-2010,1967.4,0.000
20-01-2010,1957.82,-0.487
21-01-2010,1964.18,0.325
22-01-2010,1967.08,0.148
23-01-2010,1981.96,0.756
24-01-2010,1981.96,0.000
25-01-2010,1981.96,0.000
26-01-2010,1961.97,-1.009
27-01-2010,1972.22,0.522
28-01-2010,1988.05,0.803
29-01-2010,1991.21,0.159
30-01-2010,1982.29,-0.448
31-01-2010,1982.29,0.000
01-02-2010,1982.29,0.000
02-02-2010,1972.6,-0.489
03-02-2010,1959.93,-0.642
04-02-2010,1966.02,0.311
05-02-2010,1984.16,0.923
06-02-2010,1997.13,0.654
07-02-2010,1997.13,0.000
08-02-2010,1997.13,0.000
09-02-2010,2003.76,0.332
10-02-2010,1981.4,-1.116
11-02-2010,1965.03,-0.826
12-02-2010,1943.6,-1.091
13-02-2010,1936.9,-0.345
14-02-2010,1936.9,0.000
15-02-2010,1936.9,0.000
16-02-2010,1936.9,0.000
17-02-2010,1925.79,-0.574
18-02-2010,1928.79,0.156
19-02-2010,1930.94,0.111
20-02-2010,1928.86,-0.108
21-02-2010,1928.86,0.000
22-02-2010,1928.86,0.000
23-02-2010,1914.87,-0.725
24-02-2010,1924.75,0.516
25-02-2010,1932.15,0.384
26-02-2010,1941.98,0.509
27-02-2010,1932.32,-0.497
28-02-2010,1932.32,0.000
01-03-2010,1932.32,0.000
02-03-2010,1913.86,-0.955
03-03-2010,1895.86,-0.941
04-03-2010,1916.41,1.084
05-03-2010,1928.33,0.622
06-03-2010,1902.31,-1.349
07-03-2010,1902.31,0.000
08-03-2010,1902.31,0.000
09-03-2010,1894.44,-0.414
10-03-2010,1894.3,-0.007
11-03-2010,1888.05,-0.330
12-03-2010,1894.79,0.357
13-03-2010,1892.99,-0.095
14-03-2010,1892.99,0.000
15-03-2010,1892.99,0.000
16-03-2010,1899.75,0.357
17-03-2010,1896.15,-0.189
18-03-2010,1893.42,-0.144
19-03-2010,1900.55,0.377
20-03-2010,1907.06,0.343
21-03-2010,1907.06,0.000
22-03-2010,1907.06,0.000
23-03-2010,1907.06,0.000
24-03-2010,1907.06,0.000
25-03-2010,1923.41,0.857
26-03-2010,1922.91,-0.026
27-03-2010,1933.4,0.546
28-03-2010,1933.4,0.000
29-03-2010,1933.4,0.000
30-03-2010,1934.21,0.042
31-03-2010,1928.59,-0.291
01-04-2010,1921.88,-0.348
02-04-2010,1921.88,0.000
03-04-2010,1921.88,0.000
04-04-2010,1921.88,0.000
05-04-2010,1921.88,0.000
06-04-2010,1911.78,-0.526
07-04-2010,1911.07,-0.037
08-04-2010,1920.53,0.495
09-04-2010,1931.91,0.593
10-04-2010,1921.32,-0.548
11-04-2010,1921.32,0.000
12-04-2010,1921.32,0.000
13-04-2010,1926.16,0.252
14-04-2010,1936.22,0.522
15-04-2010,1938.24,0.104
16-04-2010,1943.83,0.288
17-04-2010,1942.21,-0.083
18-04-2010,1942.21,0.000
19-04-2010,1942.21,0.000
20-04-2010,1951.04,0.455
21-04-2010,1947.69,-0.172
22-04-2010,1948.47,0.040
23-04-2010,1955.84,0.378
24-04-2010,1950.89,-0.253
25-04-2010,1950.89,0.000
26-04-2010,1950.89,0.000
27-04-2010,1943.41,-0.383
28-04-2010,1961.82,0.947
29-04-2010,1973.05,0.572
30-04-2010,1969.75,-0.167
01-05-2010,1950.44,-0.980
02-05-2010,1950.44,0.000
03-05-2010,1950.44,0.000
04-05-2010,1973.42,1.178
05-05-2010,1988.47,0.763
06-05-2010,2003.37,0.749
07-05-2010,2010.13,0.337
08-05-2010,2029.54,0.966
09-05-2010,2029.54,0.000
10-05-2010,2029.54,0.000
11-05-2010,1988.32,-2.031
12-05-2010,1980.5,-0.393
13-05-2010,1966.36,-0.714
14-05-2010,1959.62,-0.343
15-05-2010,1968.1,0.433
16-05-2010,1968.1,0.000
17-05-2010,1968.1,0.000
18-05-2010,1968.1,0.000
19-05-2010,1976.46,0.425
20-05-2010,1997.09,1.044
21-05-2010,2017.68,1.031
22-05-2010,1998.42,-0.955
23-05-2010,1998.42,0.000
24-05-2010,1998.42,0.000
25-05-2010,1975.01,-1.171
26-05-2010,1989.51,0.734
27-05-2010,1976.4,-0.659
28-05-2010,1966.8,-0.486
29-05-2010,1971.55,0.242
30-05-2010,1971.55,0.000
31-05-2010,1971.55,0.000
01-06-2010,1971.55,0.000
02-06-2010,1971.45,-0.005
03-06-2010,1963.36,-0.410
04-06-2010,1961.47,-0.096
05-06-2010,1965.83,0.222
06-06-2010,1965.83,0.000
07-06-2010,1965.83,0.000
08-06-2010,1965.83,0.000
09-06-2010,1960.5,-0.271
10-06-2010,1943.41,-0.872
11-06-2010,1928.83,-0.750
12-06-2010,1925.35,-0.180
13-06-2010,1925.35,0.000
14-06-2010,1925.35,0.000
15-06-2010,1925.35,0.000
16-06-2010,1917.82,-0.391
17-06-2010,1912.29,-0.288
18-06-2010,1902.78,-0.497
19-06-2010,1906.61,0.201
20-06-2010,1906.61,0.000
21-06-2010,1906.61,0.000
22-06-2010,1889.51,-0.897
23-06-2010,1886.05,-0.183
24-06-2010,1895.75,0.514
25-06-2010,1896.87,0.059
26-06-2010,1900.36,0.184
27-06-2010,1900.36,0.000
28-06-2010,1900.36,0.000
29-06-2010,1901.65,0.068
30-06-2010,1916.46,0.779
01-07-2010,1913.15,-0.173
02-07-2010,1897.33,-0.827
03-07-2010,1884.31,-0.686
04-07-2010,1884.31,0.000
05-07-2010,1884.31,0.000
06-07-2010,1884.31,0.000
07-07-2010,1882.47,-0.098
08-07-2010,1901.38,1.005
09-07-2010,1889.61,-0.619
10-07-2010,1877.66,-0.632
11-07-2010,1877.66,0.000
12-07-2010,1877.66,0.000
13-07-2010,1877.2,-0.024
14-07-2010,1871.19,-0.320
15-07-2010,1873.87,0.143
16-07-2010,1871.96,-0.102
17-07-2010,1878.77,0.364
18-07-2010,1878.77,0.000
19-07-2010,1878.77,0.000
20-07-2010,1872.92,-0.311
21-07-2010,1872.92,0.000
22-07-2010,1867.07,-0.312
23-07-2010,1864.04,-0.162
24-07-2010,1867.47,0.184
25-07-2010,1867.47,0.000
26-07-2010,1867.47,0.000
27-07-2010,1859.5,-0.427
28-07-2010,1852.83,-0.359
29-07-2010,1846.23,-0.356
30-07-2010,1841.35,-0.264
31-07-2010,1842.79,0.078
01-08-2010,1842.79,0.000
02-08-2010,1842.79,0.000
03-08-2010,1832.45,-0.561
04-08-2010,1834.58,0.116
05-08-2010,1824.52,-0.548
06-08-2010,1818.5,-0.330
07-08-2010,1815.46,-0.167
08-08-2010,1815.46,0.000
09-08-2010,1815.46,0.000
10-08-2010,1808.93,-0.360
11-08-2010,1810.12,0.066
12-08-2010,1807.55,-0.142
13-08-2010,1812.2,0.257
14-08-2010,1835.32,1.276
15-08-2010,1835.32,0.000
16-08-2010,1835.32,0.000
17-08-2010,1835.32,0.000
18-08-2010,1810.75,-1.339
19-08-2010,1808.14,-0.144
20-08-2010,1819.13,0.608
21-08-2010,1820.93,0.099
22-08-2010,1820.93,0.000
23-08-2010,1820.93,0.000
24-08-2010,1806.93,-0.769
25-08-2010,1818.86,0.660
26-08-2010,1820.29,0.079
27-08-2010,1811.46,-0.485
28-08-2010,1817.68,0.343
29-08-2010,1817.68,0.000
30-08-2010,1817.68,0.000
31-08-2010,1823.74,0.333
01-09-2010,1826.31,0.141
02-09-2010,1815.09,-0.614
03-09-2010,1810.65,-0.245
04-09-2010,1807.73,-0.161
05-09-2010,1807.73,0.000
06-09-2010,1807.73,0.000
07-09-2010,1807.73,0.000
08-09-2010,1808.65,0.051
09-09-2010,1803,-0.312
10-09-2010,1802.54,-0.026
11-09-2010,1801.04,-0.083
12-09-2010,1801.04,0.000
13-09-2010,1801.04,0.000
14-09-2010,1793.28,-0.431
15-09-2010,1788.05,-0.292
16-09-2010,1806.78,1.048
17-09-2010,1811.55,0.264
18-09-2010,1806.76,-0.264
19-09-2010,1806.76,0.000
20-09-2010,1806.76,0.000
21-09-2010,1798.73,-0.444
22-09-2010,1805.31,0.366
23-09-2010,1803.71,-0.089
24-09-2010,1810.72,0.389
25-09-2010,1809.46,-0.070
26-09-2010,1809.46,0.000
27-09-2010,1809.46,0.000
28-09-2010,1802.15,-0.404
29-09-2010,1804.06,0.106
30-09-2010,1799.89,-0.231
01-10-2010,1801.01,0.062
02-10-2010,1795.93,-0.282
03-10-2010,1795.93,0.000
04-10-2010,1795.93,0.000
05-10-2010,1802.09,0.343
06-10-2010,1802.43,0.019
07-10-2010,1796.29,-0.341
08-10-2010,1786.2,-0.562
09-10-2010,1786.37,0.010
10-10-2010,1786.37,0.000
11-10-2010,1786.37,0.000
12-10-2010,1786.37,0.000
13-10-2010,1786.77,0.022
14-10-2010,1791.56,0.268
15-10-2010,1801.2,0.538
16-10-2010,1807.88,0.371
17-10-2010,1807.88,0.000
18-10-2010,1807.88,0.000
19-10-2010,1807.88,0.000
20-10-2010,1817.45,0.529
21-10-2010,1812.6,-0.267
22-10-2010,1816.28,0.203
23-10-2010,1823.05,0.373
24-10-2010,1823.05,0.000
25-10-2010,1823.05,0.000
26-10-2010,1830.96,0.434
27-10-2010,1838.45,0.409
28-10-2010,1846.41,0.433
29-10-2010,1839.9,-0.353
30-10-2010,1831.64,-0.449
31-10-2010,1831.64,0.000
01-11-2010,1831.64,0.000
02-11-2010,1831.64,0.000
03-11-2010,1845.51,0.757
04-11-2010,1840.51,-0.271
05-11-2010,1821.05,-1.057
06-11-2010,1817.7,-0.184
07-11-2010,1817.7,0.000
08-11-2010,1817.7,0.000
09-11-2010,1828.28,0.582
10-11-2010,1836.27,0.437
11-11-2010,1858.01,1.184
12-11-2010,1858.01,0.000
13-11-2010,1861.74,0.201
14-11-2010,1861.74,0.000
15-11-2010,1861.74,0.000
16-11-2010,1861.74,0.000
17-11-2010,1880.98,1.033
18-11-2010,1875.78,-0.276
19-11-2010,1865.82,-0.531
20-11-2010,1875.39,0.513
21-11-2010,1875.39,0.000
22-11-2010,1875.39,0.000
23-11-2010,1882,0.352
24-11-2010,1892.84,0.576
25-11-2010,1889.11,-0.197
26-11-2010,1889.11,0.000
27-11-2010,1906.69,0.931
28-11-2010,1906.69,0.000
29-11-2010,1906.69,0.000
30-11-2010,1916.96,0.539
01-12-2010,1932.63,0.817
02-12-2010,1933.58,0.049
03-12-2010,1920,-0.702
04-12-2010,1896.73,-1.212
05-12-2010,1896.73,0.000
06-12-2010,1896.73,0.000
07-12-2010,1889.75,-0.368
08-12-2010,1880.82,-0.473
09-12-2010,1880.82,0.000
10-12-2010,1902.72,1.164
11-12-2010,1911.87,0.481
12-12-2010,1911.87,0.000
13-12-2010,1911.87,0.000
14-12-2010,1894.12,-0.928
15-12-2010,1899.89,0.305
16-12-2010,1905.84,0.313
17-12-2010,1916.09,0.538
18-12-2010,1923.13,0.367
19-12-2010,1923.13,0.000
20-12-2010,1923.13,0.000
21-12-2010,1928.71,0.290
22-12-2010,1934.96,0.324
23-12-2010,1934.44,-0.027
24-12-2010,1928.33,-0.316
25-12-2010,1939.54,0.581
26-12-2010,1939.54,0.000
27-12-2010,1939.54,0.000
28-12-2010,1964.57,1.291
29-12-2010,2027.33,3.195
30-12-2010,1989.88,-1.847
31-12-2010,1913.98,-3.814
01-01-2011,1913.98,0.000
02-01-2011,1913.98,0.000
03-01-2011,1913.98,0.000
04-01-2011,1902.71,-0.589
05-01-2011,1899.86,-0.150
06-01-2011,1894.82,-0.265
07-01-2011,1869.94,-1.313
08-01-2011,1859.97,-0.533
09-01-2011,1859.97,0.000
10-01-2011,1859.97,0.000
11-01-2011,1859.97,0.000
12-01-2011,1856.79,-0.171
13-01-2011,1855.46,-0.072
14-01-2011,1864.36,0.480
15-01-2011,1872.46,0.434
16-01-2011,1872.46,0.000
17-01-2011,1872.46,0.000
18-01-2011,1872.46,0.000
19-01-2011,1864.64,-0.418
20-01-2011,1841.9,-1.220
21-01-2011,1849.59,0.418
22-01-2011,1838.94,-0.576
23-01-2011,1838.94,0.000
24-01-2011,1838.94,0.000
25-01-2011,1842.43,0.190
26-01-2011,1853.71,0.612
27-01-2011,1862.05,0.450
28-01-2011,1858.7,-0.180
29-01-2011,1857.98,-0.039
30-01-2011,1857.98,0.000
31-01-2011,1857.98,0.000
01-02-2011,1867.82,0.530
02-02-2011,1853.33,-0.776
03-02-2011,1852.67,-0.036
04-02-2011,1863.03,0.559
05-02-2011,1872.01,0.482
06-02-2011,1872.01,0.000
07-02-2011,1872.01,0.000
08-02-2011,1871.81,-0.011
09-02-2011,1875.32,0.188
10-02-2011,1891.54,0.865
11-02-2011,1889.1,-0.129
12-02-2011,1880.37,-0.462
13-02-2011,1880.37,0.000
14-02-2011,1880.37,0.000
15-02-2011,1891.84,0.610
16-02-2011,1902.01,0.538
17-02-2011,1907.69,0.299
18-02-2011,1893.46,-0.746
19-02-2011,1879.15,-0.756
20-02-2011,1879.15,0.000
21-02-2011,1879.15,0.000
22-02-2011,1879.15,0.000
23-02-2011,1889.69,0.561
24-02-2011,1898.28,0.455
25-02-2011,1898.39,0.006
26-02-2011,1895.56,-0.149
27-02-2011,1895.56,0.000
28-02-2011,1895.56,0.000
01-03-2011,1907.37,0.623
02-03-2011,1913.21,0.306
03-03-2011,1916.05,0.148
04-03-2011,1904.73,-0.591
05-03-2011,1890.23,-0.761
06-03-2011,1890.23,0.000
07-03-2011,1890.23,0.000
08-03-2011,1893.17,0.156
09-03-2011,1889.85,-0.175
10-03-2011,1879.49,-0.548
11-03-2011,1871.97,-0.400
12-03-2011,1866.2,-0.308
13-03-2011,1866.2,0.000
14-03-2011,1866.2,0.000
15-03-2011,1876.29,0.541
16-03-2011,1887.67,0.607
17-03-2011,1892.62,0.262
18-03-2011,1876.78,-0.837
19-03-2011,1874.79,-0.106
20-03-2011,1874.79,0.000
21-03-2011,1874.79,0.000
22-03-2011,1874.79,0.000
23-03-2011,1866.34,-0.451
24-03-2011,1867.74,0.075
25-03-2011,1865.11,-0.141
26-03-2011,1871.37,0.336
27-03-2011,1871.37,0.000
28-03-2011,1871.37,0.000
29-03-2011,1877.84,0.346
30-03-2011,1888,0.541
31-03-2011,1879.47,-0.452
01-04-2011,1870.6,-0.472
02-04-2011,1858.95,-0.623
03-04-2011,1858.95,0.000
04-04-2011,1858.95,0.000
05-04-2011,1846.78,-0.655
06-04-2011,1838.29,-0.460
07-04-2011,1826.97,-0.616
08-04-2011,1825.09,-0.103
09-04-2011,1817.35,-0.424
10-04-2011,1817.35,0.000
11-04-2011,1817.35,0.000
12-04-2011,1815.79,-0.086
13-04-2011,1818.14,0.129
14-04-2011,1818.91,0.042
15-04-2011,1811.1,-0.429
16-04-2011,1800.63,-0.578
17-04-2011,1800.63,0.000
18-04-2011,1800.63,0.000
19-04-2011,1799.79,-0.047
20-04-2011,1790.54,-0.514
21-04-2011,1782.59,-0.444
22-04-2011,1782.59,0.000
23-04-2011,1782.59,0.000
24-04-2011,1782.59,0.000
25-04-2011,1782.59,0.000
26-04-2011,1781.56,-0.058
27-04-2011,1787.88,0.355
28-04-2011,1784.11,-0.211
29-04-2011,1767.54,-0.929
30-04-2011,1768.19,0.037
01-05-2011,1768.19,0.000
02-05-2011,1768.19,0.000
03-05-2011,1768.37,0.010
04-05-2011,1767.05,-0.075
05-05-2011,1763.45,-0.204
06-05-2011,1769.46,0.341
07-05-2011,1763.12,-0.358
08-05-2011,1763.12,0.000
09-05-2011,1763.12,0.000
10-05-2011,1779.7,0.940
11-05-2011,1791.72,0.675
12-05-2011,1798.66,0.387
13-05-2011,1807.86,0.511
14-05-2011,1805.37,-0.138
15-05-2011,1805.37,0.000
16-05-2011,1805.37,0.000
17-05-2011,1814.98,0.532
18-05-2011,1826.03,0.609
19-05-2011,1824.62,-0.077
20-05-2011,1814.99,-0.528
21-05-2011,1819.86,0.268
22-05-2011,1819.86,0.000
23-05-2011,1819.86,0.000
24-05-2011,1828.12,0.454
25-05-2011,1828.64,0.028
26-05-2011,1831.58,0.161
27-05-2011,1829.75,-0.100
28-05-2011,1817.34,-0.678
29-05-2011,1817.34,0.000
30-05-2011,1817.34,0.000
31-05-2011,1817.34,0.000
01-06-2011,1797.83,-1.074
02-06-2011,1789.41,-0.468
03-06-2011,1784.12,-0.296
04-06-2011,1785.05,0.052
05-06-2011,1785.05,0.000
06-06-2011,1785.05,0.000
07-06-2011,1785.05,0.000
08-06-2011,1770.13,-0.836
09-06-2011,1769.83,-0.017
10-06-2011,1772.59,0.156
11-06-2011,1774.94,0.133
12-06-2011,1774.94,0.000
13-06-2011,1774.94,0.000
14-06-2011,1777.64,0.152
15-06-2011,1774.24,-0.191
16-06-2011,1781.4,0.404
17-06-2011,1793.92,0.703
18-06-2011,1787.8,-0.341
19-06-2011,1787.8,0.000
20-06-2011,1787.8,0.000
21-06-2011,1789.47,0.093
22-06-2011,1780.48,-0.502
23-06-2011,1779.1,-0.078
24-06-2011,1788.11,0.506
25-06-2011,1787.8,-0.017
26-06-2011,1787.8,0.000
27-06-2011,1787.8,0.000
28-06-2011,1787.8,0.000
29-06-2011,1786.73,-0.060
30-06-2011,1780.16,-0.368
01-07-2011,1772.32,-0.440
02-07-2011,1762.59,-0.549
03-07-2011,1762.59,0.000
04-07-2011,1762.59,0.000
05-07-2011,1762.59,0.000
06-07-2011,1766.57,0.226
07-07-2011,1767.47,0.051
08-07-2011,1759.38,-0.458
09-07-2011,1759.41,0.002
10-07-2011,1759.41,0.000
11-07-2011,1759.41,0.000
12-07-2011,1768.42,0.512
13-07-2011,1765.32,-0.175
14-07-2011,1758.25,-0.400
15-07-2011,1748.41,-0.560
16-07-2011,1750.9,0.142
17-07-2011,1750.9,0.000
18-07-2011,1750.9,0.000
19-07-2011,1758.99,0.462
20-07-2011,1757.49,-0.085
21-07-2011,1757.49,0.000
22-07-2011,1756.38,-0.063
23-07-2011,1757.35,0.055
24-07-2011,1757.35,0.000
25-07-2011,1757.35,0.000
26-07-2011,1768.02,0.607
27-07-2011,1759.88,-0.460
28-07-2011,1764.89,0.285
29-07-2011,1771.15,0.355
30-07-2011,1777.82,0.377
31-07-2011,1777.82,0.000
01-08-2011,1777.82,0.000
02-08-2011,1771.81,-0.338
03-08-2011,1765.53,-0.354
04-08-2011,1772.52,0.396
05-08-2011,1781.33,0.497
06-08-2011,1792.68,0.637
07-08-2011,1792.68,0.000
08-08-2011,1792.68,0.000
09-08-2011,1811.18,1.032
10-08-2011,1811.68,0.028
11-08-2011,1800.97,-0.591
12-08-2011,1793.47,-0.416
13-08-2011,1783.35,-0.564
14-08-2011,1783.35,0.000
15-08-2011,1783.35,0.000
16-08-2011,1783.35,0.000
17-08-2011,1776.66,-0.375
18-08-2011,1767.29,-0.527
19-08-2011,1775.84,0.484
20-08-2011,1779.05,0.181
21-08-2011,1779.05,0.000
22-08-2011,1779.05,0.000
23-08-2011,1779.86,0.046
24-08-2011,1781.91,0.115
25-08-2011,1791.61,0.544
26-08-2011,1791.05,-0.031
27-08-2011,1794.02,0.166
28-08-2011,1794.02,0.000
29-08-2011,1794.02,0.000
30-08-2011,1787.52,-0.362
31-08-2011,1783.66,-0.216
01-09-2011,1780.26,-0.191
02-09-2011,1778.51,-0.098
03-09-2011,1782.8,0.241
04-09-2011,1782.8,0.000
05-09-2011,1782.8,0.000
06-09-2011,1782.8,0.000
07-09-2011,1791.89,0.510
08-09-2011,1789.3,-0.145
09-09-2011,1789.9,0.034
10-09-2011,1796.58,0.373
11-09-2011,1796.58,0.000
12-09-2011,1796.58,0.000
13-09-2011,1811.34,0.822
14-09-2011,1813.42,0.115
15-09-2011,1824.15,0.592
16-09-2011,1822.04,-0.116
17-09-2011,1820.29,-0.096
18-09-2011,1820.29,0.000
19-09-2011,1820.29,0.000
20-09-2011,1843.26,1.262
21-09-2011,1854.96,0.635
22-09-2011,1882.23,1.470
23-09-2011,1915.63,1.774
24-09-2011,1902.45,-0.688
25-09-2011,1902.45,0.000
26-09-2011,1902.45,0.000
27-09-2011,1903.31,0.045
28-09-2011,1887.38,-0.837
29-09-2011,1907.75,1.079
30-09-2011,1915.1,0.385
01-10-2011,1929.01,0.726
02-10-2011,1929.01,0.000
03-10-2011,1929.01,0.000
04-10-2011,1943.8,0.767
05-10-2011,1972.76,1.490
06-10-2011,1967.56,-0.264
07-10-2011,1952.09,-0.786
08-10-2011,1931.64,-1.048
09-10-2011,1931.64,0.000
10-10-2011,1931.64,0.000
11-10-2011,1931.64,0.000
12-10-2011,1913.6,-0.934
13-10-2011,1896.72,-0.882
14-10-2011,1909.12,0.654
15-10-2011,1895.33,-0.722
16-10-2011,1895.33,0.000
17-10-2011,1895.33,0.000
18-10-2011,1895.33,0.000
19-10-2011,1902.47,0.377
20-10-2011,1900.1,-0.125
21-10-2011,1905.95,0.308
22-10-2011,1897.45,-0.446
23-10-2011,1897.45,0.000
24-10-2011,1897.45,0.000
25-10-2011,1878.78,-0.984
26-10-2011,1875.55,-0.172
27-10-2011,1878.1,0.136
28-10-2011,1862.84,-0.813
29-10-2011,1863.06,0.012
30-10-2011,1863.06,0.000
31-10-2011,1863.06,0.000
01-11-2011,1871.49,0.452
02-11-2011,1891.38,1.063
03-11-2011,1889.66,-0.091
04-11-2011,1905.38,0.832
05-11-2011,1915.72,0.543
06-11-2011,1915.72,0.000
07-11-2011,1915.72,0.000
08-11-2011,1915.72,0.000
09-11-2011,1908.71,-0.366
10-11-2011,1917.69,0.470
11-11-2011,1913.65,-0.211
12-11-2011,1913.65,0.000
13-11-2011,1913.65,0.000
14-11-2011,1913.65,0.000
15-11-2011,1913.65,0.000
16-11-2011,1915.41,0.092
17-11-2011,1912.2,-0.168
18-11-2011,1910.83,-0.072
19-11-2011,1917.45,0.346
20-11-2011,1917.45,0.000
21-11-2011,1917.45,0.000
22-11-2011,1928.47,0.575
23-11-2011,1925.39,-0.160
24-11-2011,1932.63,0.376
25-11-2011,1932.63,0.000
26-11-2011,1948.48,0.820
27-11-2011,1948.48,0.000
28-11-2011,1948.48,0.000
29-11-2011,1946.28,-0.113
30-11-2011,1967.18,1.074
01-12-2011,1948.51,-0.949
02-12-2011,1949.56,0.054
03-12-2011,1938.83,-0.550
04-12-2011,1938.83,0.000
05-12-2011,1938.83,0.000
06-12-2011,1936.29,-0.131
07-12-2011,1936.11,-0.009
08-12-2011,1930.57,-0.286
09-12-2011,1930.57,0.000
10-12-2011,1927.1,-0.180
11-12-2011,1927.1,0.000
12-12-2011,1927.1,0.000
13-12-2011,1932.3,0.270
14-12-2011,1929.01,-0.170
15-12-2011,1937.6,0.445
16-12-2011,1935.96,-0.085
17-12-2011,1935.64,-0.017
18-12-2011,1935.64,0.000
19-12-2011,1935.64,0.000
20-12-2011,1939.39,0.194
21-12-2011,1932.08,-0.377
22-12-2011,1935.72,0.188
23-12-2011,1927.71,-0.414
24-12-2011,1920.93,-0.352
25-12-2011,1920.93,0.000
26-12-2011,1920.93,0.000
27-12-2011,1920.93,0.000
28-12-2011,1920.16,-0.040
29-12-2011,1938.52,0.956
30-12-2011,1942.7,0.216
31-12-2011,1942.7,0.000
01-01-2012,1942.7,0.000
02-01-2012,1942.7,0.000
03-01-2012,1942.7,0.000
04-01-2012,1915.02,-1.425
05-01-2012,1898.24,-0.876
06-01-2012,1884.44,-0.727
07-01-2012,1884.47,0.002
08-01-2012,1884.47,0.000
09-01-2012,1884.47,0.000
10-01-2012,1884.47,0.000
11-01-2012,1865.07,-1.029
12-01-2012,1854.17,-0.584
13-01-2012,1842.47,-0.631
14-01-2012,1841.31,-0.063
15-01-2012,1841.31,0.000
16-01-2012,1841.31,0.000
17-01-2012,1841.31,0.000
18-01-2012,1836.34,-0.270
19-01-2012,1827.24,-0.496
20-01-2012,1821.86,-0.294
21-01-2012,1828.75,0.378
22-01-2012,1828.75,0.000
23-01-2012,1828.75,0.000
24-01-2012,1811.55,-0.941
25-01-2012,1814.58,0.167
26-01-2012,1814.69,0.006
27-01-2012,1801.88,-0.706
28-01-2012,1810.55,0.481
29-01-2012,1810.55,0.000
30-01-2012,1810.55,0.000
31-01-2012,1815.08,0.250
01-02-2012,1805.98,-0.501
02-02-2012,1797.68,-0.460
03-02-2012,1795.55,-0.118
04-02-2012,1784.77,-0.600
05-02-2012,1784.77,0.000
06-02-2012,1784.77,0.000
07-02-2012,1787.96,0.179
08-02-2012,1783.34,-0.258
09-02-2012,1778.9,-0.249
10-02-2012,1774.96,-0.221
11-02-2012,1785.59,0.599
12-02-2012,1785.59,0.000
13-02-2012,1785.59,0.000
14-02-2012,1778.12,-0.418
15-02-2012,1785.24,0.400
16-02-2012,1791.29,0.339
17-02-2012,1792.92,0.091
18-02-2012,1779.81,-0.731
19-02-2012,1779.81,0.000
20-02-2012,1779.81,0.000
21-02-2012,1779.81,0.000
22-02-2012,1777.59,-0.125
23-02-2012,1781.57,0.224
24-02-2012,1776.11,-0.306
25-02-2012,1772.42,-0.208
26-02-2012,1772.42,0.000
27-02-2012,1772.42,0.000
28-02-2012,1777.27,0.274
29-02-2012,1767.83,-0.531
01-03-2012,1766.85,-0.055
02-03-2012,1770.7,0.218
03-03-2012,1775.69,0.282
04-03-2012,1775.69,0.000
05-03-2012,1775.69,0.000
06-03-2012,1774.03,-0.093
07-03-2012,1779.32,0.298
08-03-2012,1773.88,-0.306
09-03-2012,1765.06,-0.497
10-03-2012,1762.08,-0.169
11-03-2012,1762.08,0.000
12-03-2012,1762.08,0.000
13-03-2012,1766.1,0.228
14-03-2012,1760.77,-0.302
15-03-2012,1761.04,0.015
16-03-2012,1761.02,-0.001
17-03-2012,1758.38,-0.150
18-03-2012,1758.38,0.000
19-03-2012,1758.38,0.000
20-03-2012,1758.38,0.000
21-03-2012,1759.78,0.080
22-03-2012,1758.03,-0.099
23-03-2012,1761.87,0.218
24-03-2012,1760.17,-0.096
25-03-2012,1760.17,0.000
26-03-2012,1760.17,0.000
27-03-2012,1759.58,-0.034
28-03-2012,1762.93,0.190
29-03-2012,1771.25,0.472
30-03-2012,1784.66,0.757
31-03-2012,1792.07,0.415
01-04-2012,1792.07,0.000
02-04-2012,1792.07,0.000
03-04-2012,1779.13,-0.722
04-04-2012,1767.84,-0.635
05-04-2012,1772.58,0.268
06-04-2012,1772.58,0.000
07-04-2012,1772.58,0.000
08-04-2012,1772.58,0.000
09-04-2012,1772.58,0.000
10-04-2012,1779.53,0.392
11-04-2012,1793.3,0.774
12-04-2012,1787.66,-0.315
13-04-2012,1778.78,-0.497
14-04-2012,1777.12,-0.093
15-04-2012,1777.12,0.000
16-04-2012,1777.12,0.000
17-04-2012,1775.67,-0.082
18-04-2012,1769.07,-0.372
19-04-2012,1774.21,0.291
20-04-2012,1776.06,0.104
21-04-2012,1771.13,-0.278
22-04-2012,1771.13,0.000
23-04-2012,1771.13,0.000
24-04-2012,1774.44,0.187
25-04-2012,1767.91,-0.368
26-04-2012,1763.85,-0.230
27-04-2012,1764.63,0.044
28-04-2012,1761.2,-0.194
29-04-2012,1761.2,0.000
30-04-2012,1761.2,0.000
01-05-2012,1764,0.159
02-05-2012,1764,0.000
03-05-2012,1760.12,-0.220
04-05-2012,1754.89,-0.297
05-05-2012,1757.24,0.134
06-05-2012,1757.24,0.000
07-05-2012,1757.24,0.000
08-05-2012,1759.12,0.107
09-05-2012,1760.6,0.084
10-05-2012,1775.96,0.872
11-05-2012,1765,-0.617
12-05-2012,1764.69,-0.018
13-05-2012,1764.69,0.000
14-05-2012,1764.69,0.000
15-05-2012,1771.6,0.392
16-05-2012,1778.37,0.382
17-05-2012,1793.61,0.857
18-05-2012,1804.92,0.631
19-05-2012,1814.46,0.529
20-05-2012,1814.46,0.000
21-05-2012,1814.46,0.000
22-05-2012,1814.46,0.000
23-05-2012,1824.73,0.566
24-05-2012,1845.17,1.120
25-05-2012,1836.45,-0.473
26-05-2012,1840.69,0.231
27-05-2012,1840.69,0.000
28-05-2012,1840.69,0.000
29-05-2012,1840.69,0.000
30-05-2012,1818.82,-1.188
31-05-2012,1827.83,0.495
01-06-2012,1833.8,0.327
02-06-2012,1834.71,0.050
03-06-2012,1834.71,0.000
04-06-2012,1834.71,0.000
05-06-2012,1815.54,-1.045
06-06-2012,1798.85,-0.919
07-06-2012,1782.89,-0.887
08-06-2012,1766.91,-0.896
09-06-2012,1776.26,0.529
10-06-2012,1776.26,0.000
11-06-2012,1776.26,0.000
12-06-2012,1776.26,0.000
13-06-2012,1776.47,0.012
14-06-2012,1783.45,0.393
15-06-2012,1787.63,0.234
16-06-2012,1786.21,-0.079
17-06-2012,1786.21,0.000
18-06-2012,1786.21,0.000
19-06-2012,1786.21,0.000
20-06-2012,1773.18,-0.729
21-06-2012,1770.38,-0.158
22-06-2012,1775.99,0.317
23-06-2012,1787.47,0.646
24-06-2012,1787.47,0.000
25-06-2012,1787.47,0.000
26-06-2012,1803.37,0.890
27-06-2012,1805.14,0.098
28-06-2012,1796.18,-0.496
29-06-2012,1805.6,0.524
30-06-2012,1784.6,-1.163
01-07-2012,1784.6,0.000
02-07-2012,1784.6,0.000
03-07-2012,1784.6,0.000
04-07-2012,1771.53,-0.732
05-07-2012,1771.53,0.000
06-07-2012,1774.37,0.160
07-07-2012,1785.25,0.613
08-07-2012,1785.25,0.000
09-07-2012,1785.25,0.000
10-07-2012,1790.25,0.280
11-07-2012,1785.06,-0.290
12-07-2012,1787.72,0.149
13-07-2012,1790.12,0.134
14-07-2012,1780.21,-0.554
15-07-2012,1780.21,0.000
16-07-2012,1780.21,0.000
17-07-2012,1778.42,-0.101
18-07-2012,1778.97,0.031
19-07-2012,1778.28,-0.039
20-07-2012,1775.8,-0.139
21-07-2012,1775.8,0.000
22-07-2012,1775.8,0.000
23-07-2012,1775.8,0.000
24-07-2012,1790.39,0.822
25-07-2012,1797.33,0.388
26-07-2012,1799.48,0.120
27-07-2012,1789.22,-0.570
28-07-2012,1791.12,0.106
29-07-2012,1791.12,0.000
30-07-2012,1791.12,0.000
31-07-2012,1789.02,-0.117
01-08-2012,1790.74,0.096
02-08-2012,1787.51,-0.180
03-08-2012,1790.97,0.194
04-08-2012,1786.06,-0.274
05-08-2012,1786.06,0.000
06-08-2012,1786.06,0.000
07-08-2012,1785.29,-0.043
08-08-2012,1785.29,0.000
09-08-2012,1788.03,0.153
10-08-2012,1788.08,0.003
11-08-2012,1791.61,0.197
12-08-2012,1791.61,0.000
13-08-2012,1791.61,0.000
14-08-2012,1792.86,0.070
15-08-2012,1800.81,0.443
16-08-2012,1817.18,0.909
17-08-2012,1825.52,0.459
18-08-2012,1822.59,-0.161
19-08-2012,1822.59,0.000
20-08-2012,1822.59,0.000
21-08-2012,1822.59,0.000
22-08-2012,1815.8,-0.373
23-08-2012,1812.88,-0.161
24-08-2012,1808.33,-0.251
25-08-2012,1814.83,0.359
26-08-2012,1814.83,0.000
27-08-2012,1814.83,0.000
28-08-2012,1821.44,0.364
29-08-2012,1828.99,0.415
30-08-2012,1833.14,0.227
31-08-2012,1830.5,-0.144
01-09-2012,1825.21,-0.289
02-09-2012,1825.21,0.000
03-09-2012,1825.21,0.000
04-09-2012,1825.21,0.000
05-09-2012,1824.81,-0.022
06-09-2012,1814.06,-0.589
07-09-2012,1804.09,-0.550
08-09-2012,1797.35,-0.374
09-09-2012,1797.35,0.000
10-09-2012,1797.35,0.000
11-09-2012,1802.23,0.272
12-09-2012,1795.4,-0.379
13-09-2012,1802.22,0.380
14-09-2012,1799.57,-0.147
15-09-2012,1789.54,-0.557
16-09-2012,1789.54,0.000
17-09-2012,1789.54,0.000
18-09-2012,1799.77,0.572
19-09-2012,1800.19,0.023
20-09-2012,1795.66,-0.252
21-09-2012,1798.98,0.185
22-09-2012,1796.75,-0.124
23-09-2012,1796.75,0.000
24-09-2012,1796.75,0.000
25-09-2012,1799.29,0.141
26-09-2012,1795.69,-0.200
27-09-2012,1799.55,0.215
28-09-2012,1798.08,-0.082
29-09-2012,1800.52,0.136
30-09-2012,1800.52,0.000
01-10-2012,1800.52,0.000
02-10-2012,1797.97,-0.142
03-10-2012,1798.86,0.050
04-10-2012,1800.43,0.087
05-10-2012,1797.68,-0.153
06-10-2012,1795.4,-0.127
07-10-2012,1795.4,0.000
08-10-2012,1795.4,0.000
09-10-2012,1795.4,0.000
10-10-2012,1798.32,0.163
11-10-2012,1799.78,0.081
12-10-2012,1797.68,-0.117
13-10-2012,1797.68,0.000
14-10-2012,1797.68,0.000
15-10-2012,1797.68,0.000
16-10-2012,1797.68,0.000
17-10-2012,1797.81,0.007
18-10-2012,1798.53,0.040
19-10-2012,1797.66,-0.048
20-10-2012,1798.42,0.042
21-10-2012,1798.42,0.000
22-10-2012,1798.42,0.000
23-10-2012,1802.91,0.250
24-10-2012,1816.6,0.759
25-10-2012,1817.25,0.036
26-10-2012,1816.97,-0.015
27-10-2012,1823.18,0.342
28-10-2012,1823.18,0.000
29-10-2012,1823.18,0.000
30-10-2012,1830.45,0.399
31-10-2012,1829.89,-0.031
01-11-2012,1831.25,0.074
02-11-2012,1825.5,-0.314
03-11-2012,1828.8,0.181
04-11-2012,1828.8,0.000
05-11-2012,1828.8,0.000
06-11-2012,1828.8,0.000
07-11-2012,1814.99,-0.755
08-11-2012,1814.83,-0.009
09-11-2012,1814.21,-0.034
10-11-2012,1816.99,0.153
11-11-2012,1816.99,0.000
12-11-2012,1816.99,0.000
13-11-2012,1816.99,0.000
14-11-2012,1819.3,0.127
15-11-2012,1818.2,-0.060
16-11-2012,1822.61,0.243
17-11-2012,1823.46,0.047
18-11-2012,1823.46,0.000
19-11-2012,1823.46,0.000
20-11-2012,1817.67,-0.318
21-11-2012,1815.58,-0.115
22-11-2012,1815.76,0.010
23-11-2012,1815.76,0.000
24-11-2012,1820.18,0.243
25-11-2012,1820.18,0.000
26-11-2012,1820.18,0.000
27-11-2012,1824.12,0.216
28-11-2012,1823.54,-0.032
29-11-2012,1825.08,0.084
30-11-2012,1817.93,-0.392
01-12-2012,1813.72,-0.232
02-12-2012,1813.72,0.000
03-12-2012,1813.72,0.000
04-12-2012,1813.73,0.001
05-12-2012,1813.57,-0.009
06-12-2012,1811.05,-0.139
07-12-2012,1803.69,-0.406
08-12-2012,1797.45,-0.346
09-12-2012,1797.45,0.000
10-12-2012,1797.45,0.000
11-12-2012,1799.4,0.108
12-12-2012,1801.5,0.117
13-12-2012,1796.31,-0.288
14-12-2012,1795.05,-0.070
15-12-2012,1798.37,0.185
16-12-2012,1798.37,0.000
17-12-2012,1798.37,0.000
18-12-2012,1796.98,-0.077
19-12-2012,1794.14,-0.158
20-12-2012,1790.46,-0.205
21-12-2012,1788.87,-0.089
22-12-2012,1779.79,-0.508
23-12-2012,1779.79,0.000
24-12-2012,1779.79,0.000
25-12-2012,1773.44,-0.357
26-12-2012,1773.44,0.000
27-12-2012,1771.49,-0.110
28-12-2012,1771.54,0.003
29-12-2012,1768.23,-0.187
30-12-2012,1768.23,0.000
31-12-2012,1768.23,0.000
01-01-2013,1768.23,0.000
02-01-2013,1768.23,0.000
03-01-2013,1759.97,-0.467
04-01-2013,1760.83,0.049
05-01-2013,1767.54,0.381
06-01-2013,1767.54,0.000
07-01-2013,1767.54,0.000
08-01-2013,1767.54,0.000
09-01-2013,1771.31,0.213
10-01-2013,1767.96,-0.189
11-01-2013,1761.5,-0.365
12-01-2013,1762.38,0.050
13-01-2013,1762.38,0.000
14-01-2013,1762.38,0.000
15-01-2013,1758.45,-0.223
16-01-2013,1769.88,0.650
17-01-2013,1775.15,0.298
18-01-2013,1767.78,-0.415
19-01-2013,1767.74,-0.002
20-01-2013,1767.74,0.000
21-01-2013,1767.74,0.000
22-01-2013,1767.74,0.000
23-01-2013,1776.96,0.522
24-01-2013,1778.69,0.097
25-01-2013,1779.73,0.058
26-01-2013,1779.25,-0.027
27-01-2013,1779.25,0.000
28-01-2013,1779.25,0.000
29-01-2013,1779.84,0.033
30-01-2013,1776.09,-0.211
31-01-2013,1773.24,-0.160
01-02-2013,1775.65,0.136
02-02-2013,1776.2,0.031
03-02-2013,1776.2,0.000
04-02-2013,1776.2,0.000
05-02-2013,1785.92,0.547
06-02-2013,1789.09,0.177
07-02-2013,1791.24,0.120
08-02-2013,1795.21,0.222
09-02-2013,1790.61,-0.256
10-02-2013,1790.61,0.000
11-02-2013,1790.61,0.000
12-02-2013,1784.71,-0.329
13-02-2013,1783.2,-0.085
14-02-2013,1777.72,-0.307
15-02-2013,1783.19,0.308
16-02-2013,1785.41,0.124
17-02-2013,1785.41,0.000
18-02-2013,1785.41,0.000
19-02-2013,1785.41,0.000
20-02-2013,1794.63,0.516
21-02-2013,1791.33,-0.184
22-02-2013,1798.21,0.384
23-02-2013,1800.7,0.138
24-02-2013,1800.7,0.000
25-02-2013,1800.7,0.000
26-02-2013,1806.11,0.300
27-02-2013,1818.54,0.688
28-02-2013,1816.42,-0.117
01-03-2013,1814.28,-0.118
02-03-2013,1816.48,0.121
03-03-2013,1816.48,0.000
04-03-2013,1816.48,0.000
05-03-2013,1813.53,-0.162
06-03-2013,1809.65,-0.214
07-03-2013,1808,-0.091
08-03-2013,1803.65,-0.241
09-03-2013,1800.45,-0.177
10-03-2013,1800.45,0.000
11-03-2013,1800.45,0.000
12-03-2013,1801.2,0.042
13-03-2013,1801.64,0.024
14-03-2013,1798.56,-0.171
15-03-2013,1797.28,-0.071
16-03-2013,1804.06,0.377
17-03-2013,1804.06,0.000
18-03-2013,1804.06,0.000
19-03-2013,1809.58,0.306
20-03-2013,1809.83,0.014
21-03-2013,1812.35,0.139
22-03-2013,1822.78,0.575
23-03-2013,1825.79,0.165
24-03-2013,1825.79,0.000
25-03-2013,1825.79,0.000
26-03-2013,1825.79,0.000
27-03-2013,1828.95,0.173
28-03-2013,1832.2,0.178
29-03-2013,1832.2,0.000
30-03-2013,1832.2,0.000
31-03-2013,1832.2,0.000
01-04-2013,1832.2,0.000
02-04-2013,1823.12,-0.496
03-04-2013,1817.14,-0.328
04-04-2013,1819.93,0.154
05-04-2013,1829.01,0.499
06-04-2013,1826.88,-0.116
07-04-2013,1826.88,0.000
08-04-2013,1826.88,0.000
09-04-2013,1817.66,-0.505
10-04-2013,1813.11,-0.250
11-04-2013,1821.2,0.446
12-04-2013,1823.84,0.145
13-04-2013,1827.79,0.217
14-04-2013,1827.79,0.000
15-04-2013,1827.79,0.000
16-04-2013,1834.86,0.387
17-04-2013,1833.98,-0.048
18-04-2013,1846.46,0.680
19-04-2013,1847.02,0.030
20-04-2013,1835.57,-0.620
21-04-2013,1835.57,0.000
22-04-2013,1835.57,0.000
23-04-2013,1841.14,0.303
24-04-2013,1838.03,-0.169
25-04-2013,1836.79,-0.067
26-04-2013,1830.84,-0.324
27-04-2013,1833.7,0.156
28-04-2013,1833.7,0.000
29-04-2013,1833.7,0.000
30-04-2013,1828.79,-0.268
01-05-2013,1825.83,-0.162
02-05-2013,1825.83,0.000
03-05-2013,1836.34,0.576
04-05-2013,1835.88,-0.025
05-05-2013,1835.88,0.000
06-05-2013,1835.88,0.000
07-05-2013,1831.42,-0.243
08-05-2013,1827.13,-0.234
09-05-2013,1830.7,0.195
10-05-2013,1833.07,0.129
11-05-2013,1834.83,0.096
12-05-2013,1834.83,0.000
13-05-2013,1834.83,0.000
14-05-2013,1834.83,0.000
15-05-2013,1838.63,0.207
16-05-2013,1843.75,0.278
17-05-2013,1838.82,-0.267
18-05-2013,1841.35,0.138
19-05-2013,1841.35,0.000
20-05-2013,1841.35,0.000
21-05-2013,1842.59,0.067
22-05-2013,1846.76,0.226
23-05-2013,1850.55,0.205
24-05-2013,1864.02,0.728
25-05-2013,1874.1,0.541
26-05-2013,1874.1,0.000
27-05-2013,1874.1,0.000
28-05-2013,1874.1,0.000
29-05-2013,1897.1,1.227
30-05-2013,1894.13,-0.157
31-05-2013,1891.48,-0.140
01-06-2013,1907.76,0.861
02-06-2013,1907.76,0.000
03-06-2013,1907.76,0.000
04-06-2013,1907.76,0.000
05-06-2013,1894.4,-0.700
06-06-2013,1899.08,0.247
07-06-2013,1907.88,0.463
08-06-2013,1898.8,-0.476
09-06-2013,1898.8,0.000
10-06-2013,1898.8,0.000
11-06-2013,1898.8,0.000
12-06-2013,1907.12,0.438
13-06-2013,1897.53,-0.503
14-06-2013,1895.01,-0.133
15-06-2013,1882.38,-0.666
16-06-2013,1882.38,0.000
17-06-2013,1882.38,0.000
18-06-2013,1883.57,0.063
19-06-2013,1902.47,1.003
20-06-2013,1900.87,-0.084
21-06-2013,1937.26,1.914
22-06-2013,1941.06,0.196
23-06-2013,1941.06,0.000
24-06-2013,1941.06,0.000
25-06-2013,1942.97,0.098
26-06-2013,1928.27,-0.757
27-06-2013,1921.86,-0.332
28-06-2013,1922.63,0.040
29-06-2013,1929,0.331
30-06-2013,1929,0.000
01-07-2013,1929,0.000
02-07-2013,1929,0.000
03-07-2013,1919.42,-0.497
04-07-2013,1915.45,-0.207
05-07-2013,1915.45,0.000
06-07-2013,1927.4,0.624
07-07-2013,1927.4,0.000
08-07-2013,1927.4,0.000
09-07-2013,1926.84,-0.029
10-07-2013,1920.12,-0.349
11-07-2013,1920.24,0.006
12-07-2013,1910.79,-0.492
13-07-2013,1905.25,-0.290
14-07-2013,1905.25,0.000
15-07-2013,1905.25,0.000
16-07-2013,1893.16,-0.635
17-07-2013,1878.42,-0.779
18-07-2013,1873.25,-0.275
19-07-2013,1883.29,0.536
20-07-2013,1884.01,0.038
21-07-2013,1884.01,0.000
22-07-2013,1884.01,0.000
23-07-2013,1880.87,-0.167
24-07-2013,1886.06,0.276
25-07-2013,1891.02,0.263
26-07-2013,1887.4,-0.191
27-07-2013,1886.26,-0.060
28-07-2013,1886.26,0.000
29-07-2013,1886.26,0.000
30-07-2013,1888.95,0.143
31-07-2013,1890.33,0.073
01-08-2013,1896.15,0.308
02-08-2013,1896.65,0.026
03-08-2013,1891.67,-0.263
04-08-2013,1891.67,0.000
05-08-2013,1891.67,0.000
06-08-2013,1883.24,-0.446
07-08-2013,1882.01,-0.065
08-08-2013,1882.01,0.000
09-08-2013,1877.23,-0.254
10-08-2013,1873.92,-0.176
11-08-2013,1873.92,0.000
12-08-2013,1873.92,0.000
13-08-2013,1868.9,-0.268
14-08-2013,1882.36,0.720
15-08-2013,1883.15,0.042
16-08-2013,1901.03,0.949
17-08-2013,1907.06,0.317
18-08-2013,1907.06,0.000
19-08-2013,1907.06,0.000
20-08-2013,1907.06,0.000
21-08-2013,1922.73,0.822
22-08-2013,1929.75,0.365
23-08-2013,1921.99,-0.402
24-08-2013,1911.16,-0.563
25-08-2013,1911.16,0.000
26-08-2013,1911.16,0.000
27-08-2013,1922.96,0.617
28-08-2013,1938.26,0.796
29-08-2013,1939.85,0.082
30-08-2013,1943.04,0.164
31-08-2013,1935.43,-0.392
01-09-2013,1935.43,0.000
02-09-2013,1935.43,0.000
03-09-2013,1935.43,0.000
04-09-2013,1946.28,0.561
05-09-2013,1938.99,-0.375
06-09-2013,1952.11,0.677
07-09-2013,1947.99,-0.211
08-09-2013,1947.99,0.000
09-09-2013,1947.99,0.000
10-09-2013,1946.06,-0.099
11-09-2013,1935.55,-0.540
12-09-2013,1923.64,-0.615
13-09-2013,1919.25,-0.228
14-09-2013,1919.54,0.015
15-09-2013,1919.54,0.000
16-09-2013,1919.54,0.000
17-09-2013,1917.03,-0.131
18-09-2013,1914.12,-0.152
19-09-2013,1911.3,-0.147
20-09-2013,1887.3,-1.256
21-09-2013,1889.12,0.096
22-09-2013,1889.12,0.000
23-09-2013,1889.12,0.000
24-09-2013,1892.89,0.200
25-09-2013,1888.14,-0.251
26-09-2013,1893.42,0.280
27-09-2013,1899.1,0.300
28-09-2013,1914.65,0.819
29-09-2013,1914.65,0.000
30-09-2013,1914.65,0.000
01-10-2013,1908.29,-0.332
02-10-2013,1893.77,-0.761
03-10-2013,1884.97,-0.465
04-10-2013,1889.95,0.264
05-10-2013,1886.78,-0.168
06-10-2013,1886.78,0.000
07-10-2013,1886.78,0.000
08-10-2013,1885.19,-0.084
09-10-2013,1889.17,0.211
10-10-2013,1894.06,0.259
11-10-2013,1885.84,-0.434
12-10-2013,1883.65,-0.116
13-10-2013,1883.65,0.000
14-10-2013,1883.65,0.000
15-10-2013,1883.65,0.000
16-10-2013,1883.7,0.003
17-10-2013,1880.91,-0.148
18-10-2013,1879.48,-0.076
19-10-2013,1879.88,0.021
20-10-2013,1879.88,0.000
21-10-2013,1879.88,0.000
22-10-2013,1885.52,0.300
23-10-2013,1879.46,-0.321
24-10-2013,1883.14,0.196
25-10-2013,1882.11,-0.055
26-10-2013,1882.34,0.012
27-10-2013,1882.34,0.000
28-10-2013,1882.34,0.000
29-10-2013,1884.43,0.111
30-10-2013,1883.42,-0.054
31-10-2013,1884.06,0.034
01-11-2013,1889.16,0.271
02-11-2013,1901.22,0.638
03-11-2013,1901.22,0.000
04-11-2013,1901.22,0.000
05-11-2013,1901.22,0.000
06-11-2013,1916.22,0.789
07-11-2013,1916.8,0.030
08-11-2013,1924.87,0.421
09-11-2013,1932.77,0.410
10-11-2013,1932.77,0.000
11-11-2013,1932.77,0.000
12-11-2013,1932.77,0.000
13-11-2013,1928.96,-0.197
14-11-2013,1932.03,0.159
15-11-2013,1929.24,-0.144
16-11-2013,1919.89,-0.485
17-11-2013,1919.89,0.000
18-11-2013,1919.89,0.000
19-11-2013,1915.37,-0.235
20-11-2013,1919.2,0.200
21-11-2013,1923.19,0.208
22-11-2013,1932.42,0.480
23-11-2013,1929.13,-0.170
24-11-2013,1929.13,0.000
25-11-2013,1929.13,0.000
26-11-2013,1926.99,-0.111
27-11-2013,1926.74,-0.013
28-11-2013,1928.25,0.078
29-11-2013,1928.25,0.000
30-11-2013,1931.88,0.188
01-12-2013,1931.88,0.000
02-12-2013,1931.88,0.000
03-12-2013,1934.16,0.118
04-12-2013,1941.01,0.354
05-12-2013,1948.48,0.385
06-12-2013,1940.26,-0.422
07-12-2013,1936.33,-0.203
08-12-2013,1936.33,0.000
09-12-2013,1936.33,0.000
10-12-2013,1932.71,-0.187
11-12-2013,1933.52,0.042
12-12-2013,1935.61,0.108
13-12-2013,1935.89,0.014
14-12-2013,1930.87,-0.259
15-12-2013,1930.87,0.000
16-12-2013,1930.87,0.000
17-12-2013,1934.95,0.211
18-12-2013,1936.14,0.062
19-12-2013,1945.6,0.489
20-12-2013,1943.46,-0.110
21-12-2013,1935.93,-0.387
22-12-2013,1935.93,0.000
23-12-2013,1935.93,0.000
24-12-2013,1925.45,-0.541
25-12-2013,1922.76,-0.140
26-12-2013,1922.76,0.000
27-12-2013,1921.22,-0.080
28-12-2013,1922.56,0.070
29-12-2013,1922.56,0.000
30-12-2013,1922.56,0.000
31-12-2013,1926.83,0.222
01-01-2014,1926.83,0.000
02-01-2014,1926.83,0.000
03-01-2014,1938.89,0.626
04-01-2014,1936.92,-0.102
05-01-2014,1936.92,0.000
06-01-2014,1936.92,0.000
07-01-2014,1936.92,0.000
08-01-2014,1930.45,-0.334
09-01-2014,1933.24,0.145
10-01-2014,1934.88,0.085
11-01-2014,1926.55,-0.431
12-01-2014,1926.55,0.000
13-01-2014,1926.55,0.000
14-01-2014,1924.79,-0.091
15-01-2014,1932.59,0.405
16-01-2014,1941.45,0.458
17-01-2014,1947.15,0.294
18-01-2014,1957.86,0.550
19-01-2014,1957.86,0.000
20-01-2014,1957.86,0.000
21-01-2014,1957.86,0.000
22-01-2014,1981.98,1.232
23-01-2014,1983.48,0.076
24-01-2014,1993.23,0.492
25-01-2014,2000.48,0.364
26-01-2014,2000.48,0.000
27-01-2014,2000.48,0.000
28-01-2014,1997.91,-0.128
29-01-2014,2000.56,0.133
30-01-2014,2013.17,0.630
31-01-2014,2008.26,-0.244
01-02-2014,2021.1,0.639
02-02-2014,2021.1,0.000
03-02-2014,2021.1,0.000
04-02-2014,2039.85,0.928
05-02-2014,2041.34,0.073
06-02-2014,2048.75,0.363
07-02-2014,2049.52,0.038
08-02-2014,2046.06,-0.169
09-02-2014,2046.06,0.000
10-02-2014,2046.06,0.000
11-02-2014,2048.55,0.122
12-02-2014,2041.61,-0.339
13-02-2014,2031.75,-0.483
14-02-2014,2032.99,0.061
15-02-2014,2022.68,-0.507
16-02-2014,2022.68,0.000
17-02-2014,2022.68,0.000
18-02-2014,2022.68,0.000
19-02-2014,2028.54,0.290
20-02-2014,2042.22,0.674
21-02-2014,2052.46,0.501
22-02-2014,2043.96,-0.414
23-02-2014,2043.96,0.000
24-02-2014,2043.96,0.000
25-02-2014,2042.67,-0.063
26-02-2014,2045.45,0.136
27-02-2014,2053.11,0.374
28-02-2014,2054.9,0.087
01-03-2014,2046.75,-0.397
02-03-2014,2046.75,0.000
03-03-2014,2046.75,0.000
04-03-2014,2052.51,0.281
05-03-2014,2047.75,-0.232
06-03-2014,2045.14,-0.127
07-03-2014,2030.02,-0.739
08-03-2014,2036.2,0.304
09-03-2014,2036.2,0.000
10-03-2014,2036.2,0.000
11-03-2014,2042.78,0.323
12-03-2014,2043.59,0.040
13-03-2014,2047.59,0.196
14-03-2014,2044.48,-0.152
15-03-2014,2044.58,0.005
16-03-2014,2044.58,0.000
17-03-2014,2044.58,0.000
18-03-2014,2035.16,-0.461
19-03-2014,2034.86,-0.015
20-03-2014,2017.38,-0.859
21-03-2014,1998.6,-0.931
22-03-2014,1993.85,-0.238
23-03-2014,1993.85,0.000
24-03-2014,1993.85,0.000
25-03-2014,1993.85,0.000
26-03-2014,1978.63,-0.763
27-03-2014,1973.03,-0.283
28-03-2014,1965.64,-0.375
29-03-2014,1965.32,-0.016
30-03-2014,1965.32,0.000
31-03-2014,1965.32,0.000
01-04-2014,1969.45,0.210
02-04-2014,1966.02,-0.174
03-04-2014,1963.51,-0.128
04-04-2014,1966.4,0.147
05-04-2014,1951.85,-0.740
06-04-2014,1951.85,0.000
07-04-2014,1951.85,0.000
08-04-2014,1937.59,-0.731
09-04-2014,1923.95,-0.704
10-04-2014,1931.09,0.371
11-04-2014,1920.93,-0.526
12-04-2014,1927.28,0.331
13-04-2014,1927.28,0.000
14-04-2014,1927.28,0.000
15-04-2014,1926.47,-0.042
16-04-2014,1932.42,0.309
17-04-2014,1930.62,-0.093
18-04-2014,1930.62,0.000
19-04-2014,1930.62,0.000
20-04-2014,1930.62,0.000
21-04-2014,1930.62,0.000
22-04-2014,1921.75,-0.459
23-04-2014,1929.66,0.412
24-04-2014,1936.63,0.361
25-04-2014,1936.07,-0.029
26-04-2014,1942.37,0.325
27-04-2014,1942.37,0.000
28-04-2014,1942.37,0.000
29-04-2014,1936.13,-0.321
30-04-2014,1935.14,-0.051
01-05-2014,1933.46,-0.087
02-05-2014,1933.46,0.000
03-05-2014,1926.3,-0.370
04-05-2014,1926.3,0.000
05-05-2014,1926.3,0.000
06-05-2014,1923.07,-0.168
07-05-2014,1918.2,-0.253
08-05-2014,1912.97,-0.273
09-05-2014,1902.15,-0.566
10-05-2014,1901.51,-0.034
11-05-2014,1901.51,0.000
12-05-2014,1901.51,0.000
13-05-2014,1904.85,0.176
14-05-2014,1919.7,0.780
15-05-2014,1925.31,0.292
16-05-2014,1927.8,0.129
17-05-2014,1925.41,-0.124
18-05-2014,1925.41,0.000
19-05-2014,1925.41,0.000
20-05-2014,1921.16,-0.221
21-05-2014,1920.41,-0.039
22-05-2014,1911.33,-0.473
23-05-2014,1905.8,-0.289
24-05-2014,1905.53,-0.014
25-05-2014,1905.53,0.000
26-05-2014,1905.53,0.000
27-05-2014,1905.53,0.000
28-05-2014,1917.34,0.620
29-05-2014,1910.8,-0.341
30-05-2014,1905.96,-0.253
31-05-2014,1900.64,-0.279
01-06-2014,1900.64,0.000
02-06-2014,1900.64,0.000
03-06-2014,1900.64,0.000
04-06-2014,1899.74,-0.047
05-06-2014,1897.7,-0.107
06-06-2014,1892.08,-0.296
07-06-2014,1886.09,-0.317
08-06-2014,1886.09,0.000
09-06-2014,1886.09,0.000
10-06-2014,1883.76,-0.124
11-06-2014,1884.97,0.064
12-06-2014,1884.63,-0.018
13-06-2014,1877.18,-0.395
14-06-2014,1877.37,0.010
15-06-2014,1877.37,0.000
16-06-2014,1877.37,0.000
17-06-2014,1886.62,0.493
18-06-2014,1899.9,0.704
19-06-2014,1895.92,-0.209
20-06-2014,1881.34,-0.769
21-06-2014,1884.56,0.171
22-06-2014,1884.56,0.000
23-06-2014,1884.56,0.000
24-06-2014,1884.56,0.000
25-06-2014,1886.85,0.122
26-06-2014,1880.37,-0.343
27-06-2014,1886.01,0.300
28-06-2014,1881.19,-0.256
29-06-2014,1881.19,0.000
30-06-2014,1881.19,0.000
01-07-2014,1881.19,0.000
02-07-2014,1865.42,-0.838
03-07-2014,1856.73,-0.466
04-07-2014,1848.91,-0.421
05-07-2014,1848.91,0.000
06-07-2014,1848.91,0.000
07-07-2014,1848.91,0.000
08-07-2014,1849.28,0.020
09-07-2014,1854.24,0.268
10-07-2014,1859.94,0.307
11-07-2014,1858.47,-0.079
12-07-2014,1852.57,-0.317
13-07-2014,1852.57,0.000
14-07-2014,1852.57,0.000
15-07-2014,1857.93,0.289
16-07-2014,1867.88,0.536
17-07-2014,1868.41,0.028
18-07-2014,1872.27,0.207
19-07-2014,1871.87,-0.021
20-07-2014,1871.87,0.000
21-07-2014,1871.87,0.000
22-07-2014,1861.28,-0.566
23-07-2014,1848.98,-0.661
24-07-2014,1847.85,-0.061
25-07-2014,1846.12,-0.094
26-07-2014,1848.56,0.132
27-07-2014,1848.56,0.000
28-07-2014,1848.56,0.000
29-07-2014,1850.61,0.111
30-07-2014,1853.3,0.145
31-07-2014,1872.43,1.032
01-08-2014,1878.75,0.338
02-08-2014,1873.65,-0.271
03-08-2014,1873.65,0.000
04-08-2014,1873.65,0.000
05-08-2014,1878.68,0.268
06-08-2014,1892.35,0.728
07-08-2014,1888.51,-0.203
08-08-2014,1888.51,0.000
09-08-2014,1891.59,0.163
10-08-2014,1891.59,0.000
11-08-2014,1891.59,0.000
12-08-2014,1881.62,-0.527
13-08-2014,1877.4,-0.224
14-08-2014,1883.33,0.316
15-08-2014,1877.77,-0.295
16-08-2014,1884.81,0.375
17-08-2014,1884.81,0.000
18-08-2014,1884.81,0.000
19-08-2014,1884.81,0.000
20-08-2014,1894.27,0.502
21-08-2014,1912.43,0.959
22-08-2014,1919.84,0.387
23-08-2014,1924.4,0.238
24-08-2014,1924.4,0.000
25-08-2014,1924.4,0.000
26-08-2014,1932.39,0.415
27-08-2014,1928.67,-0.193
28-08-2014,1926.92,-0.091
29-08-2014,1935.04,0.421
30-08-2014,1918.62,-0.849
31-08-2014,1918.62,0.000
01-09-2014,1918.62,0.000
02-09-2014,1918.62,0.000
03-09-2014,1931.49,0.671
04-09-2014,1924.67,-0.353
05-09-2014,1931.45,0.352
06-09-2014,1935.25,0.197
07-09-2014,1935.25,0.000
08-09-2014,1935.25,0.000
09-09-2014,1942.03,0.350
10-09-2014,1962.84,1.072
11-09-2014,1975.82,0.661
12-09-2014,1979.97,0.210
13-09-2014,1994.97,0.758
14-09-2014,1994.97,0.000
15-09-2014,1994.97,0.000
16-09-2014,1987.71,-0.364
17-09-2014,1978.08,-0.484
18-09-2014,1975.47,-0.132
19-09-2014,1975.42,-0.003
20-09-2014,1966.89,-0.432
21-09-2014,1966.89,0.000
22-09-2014,1966.89,0.000
23-09-2014,1992.68,1.311
24-09-2014,1997.91,0.262
25-09-2014,2007.48,0.479
26-09-2014,2019.76,0.612
27-09-2014,2023.89,0.204
28-09-2014,2023.89,0.000
29-09-2014,2023.89,0.000
30-09-2014,2028.48,0.227
01-10-2014,2022,-0.319
02-10-2014,2025.75,0.185
03-10-2014,2021.49,-0.210
04-10-2014,2026.2,0.233
05-10-2014,2026.2,0.000
06-10-2014,2026.2,0.000
07-10-2014,2028.03,0.090
08-10-2014,2026.9,-0.056
09-10-2014,2040.31,0.662
10-10-2014,2041.71,0.069
11-10-2014,2052.96,0.551
12-10-2014,2052.96,0.000
13-10-2014,2052.96,0.000
14-10-2014,2052.96,0.000
15-10-2014,2049.66,-0.161
16-10-2014,2057.7,0.392
17-10-2014,2074.4,0.812
18-10-2014,2064.43,-0.481
19-10-2014,2064.43,0.000
20-10-2014,2064.43,0.000
21-10-2014,2065.82,0.067
22-10-2014,2048.44,-0.841
23-10-2014,2049.9,0.071
24-10-2014,2053.39,0.170
25-10-2014,2065.38,0.584
26-10-2014,2065.38,0.000
27-10-2014,2065.38,0.000
28-10-2014,2069.72,0.210
29-10-2014,2055.43,-0.690
30-10-2014,2044.55,-0.529
31-10-2014,2050.52,0.292
01-11-2014,2061.92,0.556
02-11-2014,2061.92,0.000
03-11-2014,2061.92,0.000
04-11-2014,2061.92,0.000
05-11-2014,2076.99,0.731
06-11-2014,2081.24,0.205
07-11-2014,2086.86,0.270
08-11-2014,2103.25,0.785
09-11-2014,2103.25,0.000
10-11-2014,2103.25,0.000
11-11-2014,2103.12,-0.006
12-11-2014,2103.12,0.000
13-11-2014,2115.59,0.593
14-11-2014,2133.03,0.824
15-11-2014,2160.47,1.286
16-11-2014,2160.47,0.000
17-11-2014,2160.47,0.000
18-11-2014,2160.47,0.000
19-11-2014,2158.58,-0.087
20-11-2014,2156.73,-0.086
21-11-2014,2156.93,0.009
22-11-2014,2142.02,-0.691
23-11-2014,2142.02,0.000
24-11-2014,2142.02,0.000
25-11-2014,2158.12,0.752
26-11-2014,2162.15,0.187
27-11-2014,2165.15,0.139
28-11-2014,2165.15,0.000
29-11-2014,2206.19,1.895
30-11-2014,2206.19,0.000
01-12-2014,2206.19,0.000
02-12-2014,2252.36,2.093
03-12-2014,2293.47,1.825
04-12-2014,2286.03,-0.324
05-12-2014,2284.24,-0.078
06-12-2014,2304.12,0.870
07-12-2014,2304.12,0.000
08-12-2014,2304.12,0.000
09-12-2014,2304.12,0.000
10-12-2014,2350.01,1.992
11-12-2014,2381.96,1.360
12-12-2014,2423.56,1.746
13-12-2014,2405.31,-0.753
14-12-2014,2405.31,0.000
15-12-2014,2405.31,0.000
16-12-2014,2414.39,0.377
17-12-2014,2446.35,1.324
18-12-2014,2412.79,-1.372
19-12-2014,2334.98,-3.225
20-12-2014,2297.14,-1.621
21-12-2014,2297.14,0.000
22-12-2014,2297.14,0.000
23-12-2014,2316.93,0.862
24-12-2014,2342.57,1.107
25-12-2014,2346.9,0.185
26-12-2014,2346.9,0.000
27-12-2014,2358.46,0.493
28-12-2014,2358.46,0.000
29-12-2014,2358.46,0.000
30-12-2014,2378.56,0.852
31-12-2014,2392.46,0.584
01-01-2015,2392.46,0.000
02-01-2015,2392.46,0.000
03-01-2015,2383.37,-0.380
04-01-2015,2383.37,0.000
05-01-2015,2383.37,0.000
06-01-2015,2412.82,1.236
07-01-2015,2452.11,1.628
08-01-2015,2434.31,-0.726
09-01-2015,2405.03,-1.203
10-01-2015,2406.71,0.070
11-01-2015,2406.71,0.000
12-01-2015,2406.71,0.000
13-01-2015,2406.71,0.000
14-01-2015,2442.03,1.468
15-01-2015,2438.79,-0.133
16-01-2015,2398.91,-1.635
17-01-2015,2383.91,-0.625
18-01-2015,2383.91,0.000
19-01-2015,2383.91,0.000
20-01-2015,2383.91,0.000
21-01-2015,2373.44,-0.439
22-01-2015,2361.54,-0.501
23-01-2015,2370.75,0.390
24-01-2015,2386.5,0.664
25-01-2015,2386.5,0.000
26-01-2015,2386.5,0.000
27-01-2015,2386.28,-0.009
28-01-2015,2381.11,-0.217
29-01-2015,2362.42,-0.785
30-01-2015,2397.35,1.479
31-01-2015,2441.1,1.825
01-02-2015,2441.1,0.000
02-02-2015,2441.1,0.000
03-02-2015,2407.29,-1.385
04-02-2015,2374.72,-1.353
05-02-2015,2381.91,0.303
06-02-2015,2384.53,0.110
07-02-2015,2384.76,0.010
08-02-2015,2384.76,0.000
09-02-2015,2384.76,0.000
10-02-2015,2371.31,-0.564
11-02-2015,2380.79,0.400
12-02-2015,2416.61,1.505
13-02-2015,2401.03,-0.645
14-02-2015,2376.23,-1.033
15-02-2015,2376.23,0.000
16-02-2015,2376.23,0.000
17-02-2015,2376.23,0.000
18-02-2015,2416.37,1.689
19-02-2015,2429.71,0.552
20-02-2015,2445.16,0.636
21-02-2015,2455.54,0.425
22-02-2015,2455.54,0.000
23-02-2015,2455.54,0.000
24-02-2015,2489.81,1.396
25-02-2015,2500.59,0.433
26-02-2015,2489.41,-0.447
27-02-2015,2484.58,-0.194
28-02-2015,2496.99,0.499
01-03-2015,2496.99,0.000
02-03-2015,2496.99,0.000
03-03-2015,2522.03,1.003
04-03-2015,2555.08,1.310
05-03-2015,2565.9,0.423
06-03-2015,2543.47,-0.874
07-03-2015,2565.61,0.870
08-03-2015,2565.61,0.000
09-03-2015,2565.61,0.000
10-03-2015,2592.86,1.062
11-03-2015,2618.79,1.000
12-03-2015,2633.65,0.567
13-03-2015,2610.08,-0.895
14-03-2015,2661.52,1.971
15-03-2015,2661.52,0.000
16-03-2015,2661.52,0.000
17-03-2015,2675.08,0.509
18-03-2015,2677.97,0.108
19-03-2015,2651.49,-0.989
20-03-2015,2613.38,-1.437
21-03-2015,2587.71,-0.982
22-03-2015,2587.71,0.000
23-03-2015,2587.71,0.000
24-03-2015,2587.71,0.000
25-03-2015,2526.79,-2.354
26-03-2015,2535.55,0.347
27-03-2015,2551.3,0.621
28-03-2015,2556.85,0.218
29-03-2015,2556.85,0.000
30-03-2015,2556.85,0.000
31-03-2015,2576.05,0.751
01-04-2015,2598.36,0.866
02-04-2015,2576.41,-0.845
03-04-2015,2576.41,0.000
04-04-2015,2576.41,0.000
05-04-2015,2576.41,0.000
06-04-2015,2576.41,0.000
07-04-2015,2522.71,-2.084
08-04-2015,2518.05,-0.185
09-04-2015,2490.9,-1.078
10-04-2015,2494.77,0.155
11-04-2015,2516.08,0.854
12-04-2015,2516.08,0.000
13-04-2015,2516.08,0.000
14-04-2015,2537.33,0.845
15-04-2015,2550.83,0.532
16-04-2015,2534.63,-0.635
17-04-2015,2493.93,-1.606
18-04-2015,2495.01,0.043
19-04-2015,2495.01,0.000
20-04-2015,2495.01,0.000
21-04-2015,2487.07,-0.318
22-04-2015,2469.03,-0.725
23-04-2015,2488.5,0.789
24-04-2015,2471.21,-0.695
25-04-2015,2461.17,-0.406
26-04-2015,2461.17,0.000
27-04-2015,2461.17,0.000
28-04-2015,2419.81,-1.681
29-04-2015,2393.42,-1.091
30-04-2015,2388.06,-0.224
01-05-2015,2393.58,0.231
02-05-2015,2393.58,0.000
03-05-2015,2393.58,0.000
04-05-2015,2393.58,0.000
05-05-2015,2408.17,0.610
06-05-2015,2386.72,-0.891
07-05-2015,2362.41,-1.019
08-05-2015,2369.23,0.289
09-05-2015,2360.58,-0.365
10-05-2015,2360.58,0.000
11-05-2015,2360.58,0.000
12-05-2015,2381.53,0.887
13-05-2015,2386.77,0.220
14-05-2015,2377.87,-0.373
15-05-2015,2389.49,0.489
16-05-2015,2417.01,1.152
17-05-2015,2417.01,0.000
18-05-2015,2417.01,0.000
19-05-2015,2417.01,0.000
20-05-2015,2475.45,2.418
21-05-2015,2503.37,1.128
22-05-2015,2489.39,-0.558
23-05-2015,2500.22,0.435
24-05-2015,2500.22,0.000
25-05-2015,2500.22,0.000
26-05-2015,2500.22,0.000
27-05-2015,2542.53,1.692
28-05-2015,2548.13,0.220
29-05-2015,2549.97,0.072
30-05-2015,2533.79,-0.635
31-05-2015,2533.79,0.000
01-06-2015,2533.79,0.000
02-06-2015,2549.29,0.612
03-06-2015,2554.44,0.202
04-06-2015,2571.92,0.684
05-06-2015,2588.56,0.647
06-06-2015,2623.66,1.356
07-06-2015,2623.66,0.000
08-06-2015,2623.66,0.000
09-06-2015,2623.66,0.000
10-06-2015,2569.17,-2.077
11-06-2015,2523,-1.797
12-06-2015,2538.55,0.616
13-06-2015,2535.91,-0.104
14-06-2015,2535.91,0.000
15-06-2015,2535.91,0.000
16-06-2015,2535.91,0.000
17-06-2015,2531.72,-0.165
18-06-2015,2550.43,0.739
19-06-2015,2528.85,-0.846
20-06-2015,2548.2,0.765
21-06-2015,2548.2,0.000
22-06-2015,2548.2,0.000
23-06-2015,2537.68,-0.413
24-06-2015,2550.74,0.515
25-06-2015,2566.66,0.624
26-06-2015,2556.21,-0.407
27-06-2015,2585.11,1.131
28-06-2015,2585.11,0.000
29-06-2015,2585.11,0.000
30-06-2015,2585.11,0.000
01-07-2015,2598.68,0.525
02-07-2015,2626.8,1.082
03-07-2015,2623.91,-0.110
04-07-2015,2642.97,0.726
05-07-2015,2642.97,0.000
06-07-2015,2642.97,0.000
07-07-2015,2665.41,0.849
08-07-2015,2690.15,0.928
09-07-2015,2690.79,0.024
10-07-2015,2670.79,-0.743
11-07-2015,2667.37,-0.128
12-07-2015,2667.37,0.000
13-07-2015,2667.37,0.000
14-07-2015,2693.54,0.981
15-07-2015,2688.2,-0.198
16-07-2015,2713.04,0.924
17-07-2015,2727.23,0.523
18-07-2015,2751.88,0.904
19-07-2015,2751.88,0.000
20-07-2015,2751.88,0.000
21-07-2015,2751.88,0.000
22-07-2015,2765.1,0.480
23-07-2015,2790.26,0.910
24-07-2015,2807.36,0.613
25-07-2015,2857.46,1.785
26-07-2015,2857.46,0.000
27-07-2015,2857.46,0.000
28-07-2015,2854.13,-0.117
29-07-2015,2855.44,0.046
30-07-2015,2855.32,-0.004
31-07-2015,2866.04,0.375
01-08-2015,2862.51,-0.123
02-08-2015,2862.51,0.000
03-08-2015,2862.51,0.000
04-08-2015,2902.98,1.414
05-08-2015,2906.95,0.137
06-08-2015,2945.97,1.342
07-08-2015,2955.31,0.317
08-08-2015,2955.31,0.000
09-08-2015,2955.31,0.000
10-08-2015,2955.31,0.000
11-08-2015,2913.45,-1.416
12-08-2015,2943.97,1.048
13-08-2015,2937.63,-0.215
14-08-2015,2966.12,0.970
15-08-2015,2983.12,0.573
16-08-2015,2983.12,0.000
17-08-2015,2983.12,0.000
18-08-2015,2983.12,0.000
19-08-2015,3003.35,0.678
20-08-2015,3027.2,0.794
21-08-2015,3053.65,0.874
22-08-2015,3102.6,1.603
23-08-2015,3102.6,0.000
24-08-2015,3102.6,0.000
25-08-2015,3208.37,3.409
26-08-2015,3194.24,-0.440
27-08-2015,3238.51,1.386
28-08-2015,3195.47,-1.329
29-08-2015,3101.1,-2.953
30-08-2015,3101.1,0.000
31-08-2015,3101.1,0.000
01-09-2015,3079.97,-0.681
02-09-2015,3093.64,0.444
03-09-2015,3142.34,1.574
04-09-2015,3119.93,-0.713
05-09-2015,3113.55,-0.204
06-09-2015,3113.55,0.000
07-09-2015,3113.55,0.000
08-09-2015,3113.55,0.000
09-09-2015,3138.46,0.800
10-09-2015,3105.4,-1.053
11-09-2015,3080.57,-0.800
12-09-2015,3012.96,-2.195
13-09-2015,3012.96,0.000
14-09-2015,3012.96,0.000
15-09-2015,3032.59,0.652
16-09-2015,3025.28,-0.241
17-09-2015,2989.04,-1.198
18-09-2015,2975.13,-0.465
19-09-2015,2984.9,0.328
20-09-2015,2984.9,0.000
21-09-2015,2984.9,0.000
22-09-2015,3001.68,0.562
23-09-2015,3065.74,2.134
24-09-2015,3099.28,1.094
25-09-2015,3135.17,1.158
26-09-2015,3080.44,-1.746
27-09-2015,3080.44,0.000
28-09-2015,3080.44,0.000
29-09-2015,3096.98,0.537
30-09-2015,3121.94,0.806
01-10-2015,3086.75,-1.127
02-10-2015,3061.85,-0.807
03-10-2015,3034.9,-0.880
04-10-2015,3034.9,0.000
05-10-2015,3034.9,0.000
06-10-2015,2971.15,-2.101
07-10-2015,2913.74,-1.932
08-10-2015,2891.91,-0.749
09-10-2015,2887.21,-0.163
10-10-2015,2855.74,-1.090
11-10-2015,2855.74,0.000
12-10-2015,2855.74,0.000
13-10-2015,2855.74,0.000
14-10-2015,2910.7,1.925
15-10-2015,2928.69,0.618
16-10-2015,2908.87,-0.677
17-10-2015,2879.89,-0.996
18-10-2015,2879.89,0.000
19-10-2015,2879.89,0.000
20-10-2015,2912.99,1.149
21-10-2015,2929.19,0.556
22-10-2015,2966.68,1.280
23-10-2015,2925.36,-1.393
24-10-2015,2912.08,-0.454
25-10-2015,2912.08,0.000
26-10-2015,2912.08,0.000
27-10-2015,2918.21,0.211
28-10-2015,2950.87,1.119
29-10-2015,2926.75,-0.817
30-10-2015,2921.32,-0.186
31-10-2015,2897.83,-0.804
01-11-2015,2897.83,0.000
02-11-2015,2897.83,0.000
03-11-2015,2897.83,0.000
04-11-2015,2825.25,-2.505
05-11-2015,2819.63,-0.199
06-11-2015,2853.32,1.195
07-11-2015,2896.19,1.502
08-11-2015,2896.19,0.000
09-11-2015,2896.19,0.000
10-11-2015,2921.15,0.862
11-11-2015,2935.86,0.504
12-11-2015,2935.86,0.000
13-11-2015,3009.36,2.504
14-11-2015,3073.23,2.122
15-11-2015,3073.23,0.000
16-11-2015,3073.23,0.000
17-11-2015,3073.23,0.000
18-11-2015,3069.24,-0.130
19-11-2015,3108.7,1.286
20-11-2015,3082.04,-0.858
21-11-2015,3047.31,-1.127
22-11-2015,3047.31,0.000
23-11-2015,3047.31,0.000
24-11-2015,3086.82,1.297
25-11-2015,3074.35,-0.404
26-11-2015,3099.75,0.826
27-11-2015,3099.75,0.000
28-11-2015,3101.1,0.044
29-11-2015,3101.1,0.000
30-11-2015,3101.1,0.000
01-12-2015,3142.11,1.322
02-12-2015,3131.95,-0.323
03-12-2015,3166.67,1.109
04-12-2015,3149.12,-0.554
05-12-2015,3179.22,0.956
06-12-2015,3179.22,0.000
07-12-2015,3179.22,0.000
08-12-2015,3287.03,3.391
09-12-2015,3287.03,0.000
10-12-2015,3294.02,0.213
11-12-2015,3259.56,-1.046
12-12-2015,3299.36,1.221
13-12-2015,3299.36,0.000
14-12-2015,3299.36,0.000
15-12-2015,3356,1.717
16-12-2015,3328.08,-0.832
17-12-2015,3317.72,-0.311
18-12-2015,3333.37,0.472
19-12-2015,3337.68,0.129
20-12-2015,3337.68,0.000
21-12-2015,3337.68,0.000
22-12-2015,3332.7,-0.149
23-12-2015,3307.24,-0.764
24-12-2015,3255.19,-1.574
25-12-2015,3172.03,-2.555
26-12-2015,3172.03,0.000
27-12-2015,3172.03,0.000
28-12-2015,3172.03,0.000
29-12-2015,3180.87,0.279
30-12-2015,3155.22,-0.806
31-12-2015,3149.47,-0.182
01-01-2016,3149.47,0.000
02-01-2016,3149.47,0.000
03-01-2016,3149.47,0.000
04-01-2016,3149.47,0.000
05-01-2016,3213.24,2.025
06-01-2016,3203.86,-0.292
07-01-2016,3250.69,1.462
08-01-2016,3287.28,1.126
09-01-2016,3268.37,-0.575
10-01-2016,3268.37,0.000
11-01-2016,3268.37,0.000
12-01-2016,3268.37,0.000
13-01-2016,3246.51,-0.669
14-01-2016,3235.45,-0.341
15-01-2016,3240.71,0.163
16-01-2016,3293.94,1.643
17-01-2016,3293.94,0.000
18-01-2016,3293.94,0.000
19-01-2016,3293.94,0.000
20-01-2016,3297.46,0.107
21-01-2016,3357.67,1.826
22-01-2016,3368.49,0.322
23-01-2016,3281.74,-2.575
24-01-2016,3281.74,0.000
25-01-2016,3281.74,0.000
26-01-2016,3362.38,2.457
27-01-2016,3375.8,0.399
28-01-2016,3366.63,-0.272
29-01-2016,3302.92,-1.892
30-01-2016,3287.31,-0.473
31-01-2016,3287.31,0.000
01-02-2016,3287.31,0.000
02-02-2016,3326.82,1.202
03-02-2016,3387.69,1.830
04-02-2016,3382.2,-0.162
05-02-2016,3315.75,-1.965
06-02-2016,3320.49,0.143
07-02-2016,3320.49,0.000
08-02-2016,3320.49,0.000
09-02-2016,3367.02,1.401
10-02-2016,3391.93,0.740
11-02-2016,3385.65,-0.185
12-02-2016,3434.89,1.454
13-02-2016,3409.82,-0.730
14-02-2016,3409.82,0.000
15-02-2016,3409.82,0.000
16-02-2016,3409.82,0.000
17-02-2016,3406.87,-0.087
18-02-2016,3391.87,-0.440
19-02-2016,3338.03,-1.587
20-02-2016,3356.78,0.562
21-02-2016,3356.78,0.000
22-02-2016,3356.78,0.000
23-02-2016,3314.24,-1.267
24-02-2016,3322.54,0.250
25-02-2016,3341.69,0.576
26-02-2016,3310.16,-0.944
27-02-2016,3306,-0.126
28-02-2016,3306,0.000
29-02-2016,3306,0.000
01-03-2016,3319.8,0.417
02-03-2016,3268.86,-1.534
03-03-2016,3205.6,-1.935
04-03-2016,3203.03,-0.080
05-03-2016,3163.25,-1.242
06-03-2016,3163.25,0.000
07-03-2016,3163.25,0.000
08-03-2016,3135.28,-0.884
09-03-2016,3155.9,0.658
10-03-2016,3192.49,1.159
11-03-2016,3204.27,0.369
12-03-2016,3164.12,-1.253
13-03-2016,3164.12,0.000
14-03-2016,3164.12,0.000
15-03-2016,3175.95,0.374
16-03-2016,3175.88,-0.002
17-03-2016,3155.9,-0.629
18-03-2016,3087.39,-2.171
19-03-2016,3065.79,-0.700
20-03-2016,3065.79,0.000
21-03-2016,3065.79,0.000
22-03-2016,3065.79,0.000
23-03-2016,3050.31,-0.505
24-03-2016,3058.8,0.278
25-03-2016,3058.8,0.000
26-03-2016,3058.8,0.000
27-03-2016,3058.8,0.000
28-03-2016,3058.8,0.000
29-03-2016,3047.85,-0.358
30-03-2016,3052.33,0.147
31-03-2016,3022.35,-0.982
01-04-2016,3000.63,-0.719
02-04-2016,3038.48,1.261
03-04-2016,3038.48,0.000
04-04-2016,3038.48,0.000
05-04-2016,3066.94,0.937
06-04-2016,3085.82,0.616
07-04-2016,3081.39,-0.144
08-04-2016,3109.6,0.915
09-04-2016,3076.29,-1.071
10-04-2016,3076.29,0.000
11-04-2016,3076.29,0.000
12-04-2016,3057.96,-0.596
13-04-2016,3036.57,-0.699
14-04-2016,3006.35,-0.995
15-04-2016,3000.78,-0.185
16-04-2016,2999.38,-0.047
17-04-2016,2999.38,0.000
18-04-2016,2999.38,0.000
19-04-2016,2995.86,-0.117
20-04-2016,2912.2,-2.793
21-04-2016,2899.92,-0.422
22-04-2016,2928.7,0.992
23-04-2016,2939.7,0.376
24-04-2016,2939.7,0.000
25-04-2016,2939.7,0.000
26-04-2016,2962.08,0.761
27-04-2016,2945.37,-0.564
28-04-2016,2943.23,-0.073
29-04-2016,2885.72,-1.954
30-04-2016,2851.14,-1.198
01-05-2016,2851.14,0.000
02-05-2016,2851.14,0.000
03-05-2016,2833.78,-0.609
04-05-2016,2895.51,2.178
05-05-2016,2942.16,1.611
06-05-2016,2952.37,0.347
07-05-2016,2969.62,0.584
08-05-2016,2969.62,0.000
09-05-2016,2969.62,0.000
10-05-2016,2969.62,0.000
11-05-2016,2979.54,0.334
12-05-2016,2956.82,-0.763
13-05-2016,2934.88,-0.742
14-05-2016,2983.82,1.668
15-05-2016,2983.82,0.000
16-05-2016,2983.82,0.000
17-05-2016,3007.74,0.802
18-05-2016,3020.89,0.437
19-05-2016,3031.48,0.351
20-05-2016,3056.06,0.811
21-05-2016,3047.99,-0.264
22-05-2016,3047.99,0.000
23-05-2016,3047.99,0.000
24-05-2016,3058.25,0.337
25-05-2016,3059.92,0.055
26-05-2016,3061.89,0.064
27-05-2016,3054.6,-0.238
28-05-2016,3069.17,0.477
29-05-2016,3069.17,0.000
30-05-2016,3069.17,0.000
31-05-2016,3069.17,0.000
01-06-2016,3089.65,0.667
02-06-2016,3117.83,0.912
03-06-2016,3110.88,-0.223
04-06-2016,3017.71,-2.995
05-06-2016,3017.71,0.000
06-06-2016,3017.71,0.000
07-06-2016,3017.71,0.000
08-06-2016,2950.95,-2.212
09-06-2016,2905.23,-1.549
10-06-2016,2942.13,1.270
11-06-2016,2969.83,0.941
12-06-2016,2969.83,0.000
13-06-2016,2969.83,0.000
14-06-2016,2990.35,0.691
15-06-2016,3003.28,0.432
16-06-2016,2989.56,-0.457
17-06-2016,3019.12,0.989
18-06-2016,3010.91,-0.272
19-06-2016,3010.91,0.000
20-06-2016,3010.91,0.000
21-06-2016,2972.97,-1.260
22-06-2016,2976.29,0.112
23-06-2016,2944.06,-1.083
24-06-2016,2897.53,-1.580
25-06-2016,2972.92,2.602
26-06-2016,2972.92,0.000
27-06-2016,2972.92,0.000
28-06-2016,3022.78,1.677
29-06-2016,3005.18,-0.582
30-06-2016,2916.15,-2.963
01-07-2016,2919.01,0.098
02-07-2016,2914.38,-0.159
03-07-2016,2914.38,0.000
04-07-2016,2914.38,0.000
05-07-2016,2914.38,0.000
06-07-2016,2966.87,1.801
07-07-2016,3003.2,1.225
08-07-2016,2986.49,-0.556
09-07-2016,2952.64,-1.133
10-07-2016,2952.64,0.000
11-07-2016,2952.64,0.000
12-07-2016,2929.81,-0.773
13-07-2016,2911.91,-0.611
14-07-2016,2936.53,0.845
15-07-2016,2923.07,-0.458
16-07-2016,2923.46,0.013
17-07-2016,2923.46,0.000
18-07-2016,2923.46,0.000
19-07-2016,2928.3,0.166
20-07-2016,2931.08,0.095
21-07-2016,2931.08,0.000
22-07-2016,2928.67,-0.082
23-07-2016,2942.65,0.477
24-07-2016,2942.65,0.000
25-07-2016,2942.65,0.000
26-07-2016,2997.25,1.855
27-07-2016,3055.15,1.932
28-07-2016,3073.52,0.601
29-07-2016,3091.78,0.594
30-07-2016,3081.75,-0.324
31-07-2016,3081.75,0.000
01-08-2016,3081.75,0.000
02-08-2016,3090.28,0.277
03-08-2016,3084.81,-0.177
04-08-2016,3110.43,0.831
05-08-2016,3079.83,-0.984
06-08-2016,3052.8,-0.878
07-08-2016,3052.8,0.000
08-08-2016,3052.8,0.000
09-08-2016,2992.5,-1.975
10-08-2016,2974.31,-0.608
11-08-2016,2954.9,-0.653
12-08-2016,2911.26,-1.477
13-08-2016,2908.67,-0.089
14-08-2016,2908.67,0.000
15-08-2016,2908.67,0.000
16-08-2016,2908.67,0.000
17-08-2016,2905.3,-0.116
18-08-2016,2918.07,0.440
19-08-2016,2884.02,-1.167
20-08-2016,2867.37,-0.577
21-08-2016,2867.37,0.000
22-08-2016,2867.37,0.000
23-08-2016,2883.89,0.576
24-08-2016,2909.1,0.874
25-08-2016,2938.28,1.003
26-08-2016,2915.67,-0.769
27-08-2016,2882.69,-1.131
28-08-2016,2882.69,0.000
29-08-2016,2882.69,0.000
30-08-2016,2924.29,1.443
31-08-2016,2933.82,0.326
01-09-2016,2956.53,0.774
02-09-2016,2986.36,1.009
03-09-2016,2957.56,-0.964
04-09-2016,2957.56,0.000
05-09-2016,2957.56,0.000
06-09-2016,2957.56,0.000
07-09-2016,2887.64,-2.364
08-09-2016,2840.38,-1.637
09-09-2016,2846.13,0.202
10-09-2016,2899.29,1.868
11-09-2016,2899.29,0.000
12-09-2016,2899.29,0.000
13-09-2016,2942.29,1.483
14-09-2016,2976.19,1.152
15-09-2016,2972.65,-0.119
16-09-2016,2938.5,-1.149
17-09-2016,2956.58,0.615
18-09-2016,2956.58,0.000
19-09-2016,2956.58,0.000
20-09-2016,2928.18,-0.961
21-09-2016,2911.11,-0.583
22-09-2016,2894.15,-0.583
23-09-2016,2862.52,-1.093
24-09-2016,2917.95,1.936
25-09-2016,2917.95,0.000
26-09-2016,2917.95,0.000
27-09-2016,2917.58,-0.013
28-09-2016,2921.99,0.151
29-09-2016,2914.11,-0.270
30-09-2016,2879.95,-1.172
01-10-2016,2880.08,0.005
02-10-2016,2880.08,0.000
03-10-2016,2880.08,0.000
04-10-2016,2937.23,1.984
05-10-2016,2963.06,0.879
06-10-2016,2964.93,0.063
07-10-2016,2924.8,-1.353
08-10-2016,2913.96,-0.371
09-10-2016,2913.96,0.000
10-10-2016,2913.96,0.000
11-10-2016,2913.96,0.000
12-10-2016,2919.51,0.190
13-10-2016,2919.18,-0.011
14-10-2016,2930.78,0.397
15-10-2016,2915.67,-0.516
16-10-2016,2915.67,0.000
17-10-2016,2915.67,0.000
18-10-2016,2915.67,0.000
19-10-2016,2905.93,-0.334
20-10-2016,2914.15,0.283
21-10-2016,2934.03,0.682
22-10-2016,2944.25,0.348
23-10-2016,2944.25,0.000
24-10-2016,2944.25,0.000
25-10-2016,2929.83,-0.490
26-10-2016,2941.34,0.393
27-10-2016,2965.18,0.811
28-10-2016,2966.61,0.048
29-10-2016,2967.66,0.035
30-10-2016,2967.66,0.000
31-10-2016,2967.66,0.000
01-11-2016,2998.55,1.041
02-11-2016,3026.68,0.938
03-11-2016,3070.54,1.449
04-11-2016,3071.12,0.019
05-11-2016,3070.4,-0.023
06-11-2016,3070.4,0.000
07-11-2016,3070.4,0.000
08-11-2016,3070.4,0.000
09-11-2016,2984.78,-2.789
10-11-2016,3012.12,0.916
11-11-2016,3100.12,2.922
12-11-2016,3100.12,0.000
13-11-2016,3100.12,0.000
14-11-2016,3100.12,0.000
15-11-2016,3100.12,0.000
16-11-2016,3124.91,0.800
17-11-2016,3131.11,0.198
18-11-2016,3135.65,0.145
19-11-2016,3163.49,0.888
20-11-2016,3163.49,0.000
21-11-2016,3163.49,0.000
22-11-2016,3144.72,-0.593
23-11-2016,3139.76,-0.158
24-11-2016,3187.97,1.535
25-11-2016,3187.97,0.000
26-11-2016,3170.64,-0.544
27-11-2016,3170.64,0.000
28-11-2016,3170.64,0.000
29-11-2016,3142.2,-0.897
30-11-2016,3165.09,0.728
01-12-2016,3085.6,-2.511
02-12-2016,3068.34,-0.559
03-12-2016,3061.04,-0.238
04-12-2016,3061.04,0.000
05-12-2016,3061.04,0.000
06-12-2016,3049.47,-0.378
07-12-2016,3015.47,-1.115
08-12-2016,2989.71,-0.854
09-12-2016,2989.71,0.000
10-12-2016,3002.8,0.438
11-12-2016,3002.8,0.000
12-12-2016,3002.8,0.000
13-12-2016,2984.02,-0.625
14-12-2016,2982.29,-0.058
15-12-2016,2964.56,-0.595
16-12-2016,3000.47,1.211
17-12-2016,2997.2,-0.109
18-12-2016,2997.2,0.000
19-12-2016,2997.2,0.000
20-12-2016,3019.44,0.742
21-12-2016,2988.06,-1.039
22-12-2016,2989.14,0.036
23-12-2016,2996.03,0.231
24-12-2016,2996.6,0.019
25-12-2016,2996.6,0.000
26-12-2016,2996.6,0.000
27-12-2016,2996.6,0.000
28-12-2016,2992.81,-0.126
29-12-2016,3019.72,0.899
30-12-2016,3000.71,-0.630
31-12-2016,3000.71,0.000
01-01-2017,3000.71,0.000
02-01-2017,3000.71,0.000
03-01-2017,3000.71,0.000
04-01-2017,2981.06,-0.655
05-01-2017,2965.36,-0.527
06-01-2017,2941.08,-0.819
07-01-2017,2919.01,-0.750
08-01-2017,2919.01,0.000
09-01-2017,2919.01,0.000
10-01-2017,2919.01,0.000
11-01-2017,2949.6,1.048
12-01-2017,2980.8,1.058
13-01-2017,2930.19,-1.698
14-01-2017,2935.96,0.197
15-01-2017,2935.96,0.000
16-01-2017,2935.96,0.000
17-01-2017,2935.96,0.000
18-01-2017,2924.77,-0.381
19-01-2017,2934.58,0.335
20-01-2017,2938.24,0.125
21-01-2017,2927.91,-0.352
22-01-2017,2927.91,0.000
23-01-2017,2927.91,0.000
24-01-2017,2908.53,-0.662
25-01-2017,2932.01,0.807
26-01-2017,2927.53,-0.153
27-01-2017,2936.72,0.314
28-01-2017,2930.17,-0.223
29-01-2017,2930.17,0.000
30-01-2017,2930.17,0.000
31-01-2017,2936.66,0.221
01-02-2017,2921.9,-0.503
02-02-2017,2906.78,-0.517
03-02-2017,2882.2,-0.846
04-02-2017,2855.8,-0.916
05-02-2017,2855.8,0.000
06-02-2017,2855.8,0.000
07-02-2017,2853.99,-0.063
08-02-2017,2867.76,0.482
09-02-2017,2879.49,0.409
10-02-2017,2862.63,-0.586
11-02-2017,2851.98,-0.372
12-02-2017,2851.98,0.000
13-02-2017,2851.98,0.000
14-02-2017,2875.46,0.823
15-02-2017,2867.64,-0.272
16-02-2017,2876.03,0.293
17-02-2017,2875.68,-0.012
18-02-2017,2902.81,0.943
19-02-2017,2902.81,0.000
20-02-2017,2902.81,0.000
21-02-2017,2902.81,0.000
22-02-2017,2902.68,-0.004
23-02-2017,2893.55,-0.315
24-02-2017,2871.67,-0.756
25-02-2017,2886.52,0.517
26-02-2017,2886.52,0.000
27-02-2017,2886.52,0.000
28-02-2017,2896.27,0.338
01-03-2017,2919.17,0.791
02-03-2017,2935.75,0.568
03-03-2017,2960.91,0.857
04-03-2017,2977.43,0.558
05-03-2017,2977.43,0.000
06-03-2017,2977.43,0.000
07-03-2017,2966.67,-0.361
08-03-2017,2972.44,0.194
09-03-2017,2987.88,0.519
10-03-2017,3004.43,0.554
11-03-2017,2980.83,-0.786
12-03-2017,2980.83,0.000
13-03-2017,2980.83,0.000
14-03-2017,2987.93,0.238
15-03-2017,2997.73,0.328
16-03-2017,2972.61,-0.838
17-03-2017,2923.96,-1.637
18-03-2017,2912.53,-0.391
19-03-2017,2912.53,0.000
20-03-2017,2912.53,0.000
21-03-2017,2912.53,0.000
22-03-2017,2904.87,-0.263
23-03-2017,2936.82,1.100
24-03-2017,2921.25,-0.530
25-03-2017,2899.94,-0.729
26-03-2017,2899.94,0.000
27-03-2017,2899.94,0.000
28-03-2017,2913.48,0.467
29-03-2017,2911.99,-0.051
30-03-2017,2888.02,-0.823
31-03-2017,2880.24,-0.269
01-04-2017,2885.57,0.185
02-04-2017,2885.57,0.000
03-04-2017,2885.57,0.000
04-04-2017,2866.87,-0.648
05-04-2017,2869.32,0.085
06-04-2017,2857.65,-0.407
07-04-2017,2853.1,-0.159
08-04-2017,2858,0.172
09-04-2017,2858,0.000
10-04-2017,2858,0.000
11-04-2017,2867.13,0.319
12-04-2017,2868.6,0.051
13-04-2017,2872.55,0.138
14-04-2017,2872.55,0.000
15-04-2017,2872.55,0.000
16-04-2017,2872.55,0.000
17-04-2017,2872.55,0.000
18-04-2017,2854.89,-0.615
19-04-2017,2837.9,-0.595
20-04-2017,2856.48,0.655
21-04-2017,2863.39,0.242
22-04-2017,2868.89,0.192
23-04-2017,2868.89,0.000
24-04-2017,2868.89,0.000
25-04-2017,2871.98,0.108
26-04-2017,2899.13,0.945
27-04-2017,2928.07,0.998
28-04-2017,2944.31,0.555
29-04-2017,2947.85,0.120
30-04-2017,2947.85,0.000
01-05-2017,2947.85,0.000
02-05-2017,2947.85,0.000
03-05-2017,2945.53,-0.079
04-05-2017,2930.17,-0.521
05-05-2017,2967.44,1.272
06-05-2017,2961.78,-0.191
07-05-2017,2961.78,0.000
08-05-2017,2961.78,0.000
09-05-2017,2959.26,-0.085
10-05-2017,2967.24,0.270
11-05-2017,2949.35,-0.603
12-05-2017,2933.92,-0.523
13-05-2017,2918.69,-0.519
14-05-2017,2918.69,0.000
15-05-2017,2918.69,0.000
16-05-2017,2883.87,-1.193
17-05-2017,2873.22,-0.369
18-05-2017,2893.4,0.702
19-05-2017,2932.16,1.340
20-05-2017,2889.45,-1.457
21-05-2017,2889.45,0.000
22-05-2017,2889.45,0.000
23-05-2017,2895.12,0.196
24-05-2017,2904.61,0.328
25-05-2017,2905.29,0.023
26-05-2017,2911.66,0.219
27-05-2017,2913.47,0.062
28-05-2017,2913.47,0.000
29-05-2017,2913.47,0.000
30-05-2017,2913.47,0.000
31-05-2017,2920.42,0.239
01-06-2017,2921,0.020
02-06-2017,2895.73,-0.865
03-06-2017,2894.72,-0.035
04-06-2017,2894.72,0.000
05-06-2017,2894.72,0.000
06-06-2017,2895.85,0.039
07-06-2017,2893.76,-0.072
08-06-2017,2907.1,0.461
09-06-2017,2919.82,0.438
10-06-2017,2919.58,-0.008
11-06-2017,2919.58,0.000
12-06-2017,2919.58,0.000
13-06-2017,2929.2,0.329
14-06-2017,2933.13,0.134
15-06-2017,2924.75,-0.286
16-06-2017,2953.83,0.994
17-06-2017,2961.68,0.266
18-06-2017,2961.68,0.000
19-06-2017,2961.68,0.000
20-06-2017,2961.68,0.000
21-06-2017,3029.53,2.291
22-06-2017,3053.9,0.804
23-06-2017,3035.83,-0.592
24-06-2017,3010.68,-0.828
25-06-2017,3010.68,0.000
26-06-2017,3010.68,0.000
27-06-2017,3010.68,0.000
28-06-2017,3025.28,0.485
29-06-2017,3023.64,-0.054
30-06-2017,3038.26,0.484
01-07-2017,3050.43,0.401
02-07-2017,3050.43,0.000
03-07-2017,3050.43,0.000
04-07-2017,3050.43,0.000
05-07-2017,3050.43,0.000
06-07-2017,3068.93,0.606
07-07-2017,3084.19,0.497
08-07-2017,3092.65,0.274
09-07-2017,3092.65,0.000
10-07-2017,3092.65,0.000
11-07-2017,3067.33,-0.819
12-07-2017,3067.73,0.013
13-07-2017,3052.3,-0.503
14-07-2017,3043.6,-0.285
15-07-2017,3019.56,-0.790
16-07-2017,3019.56,0.000
17-07-2017,3019.56,0.000
18-07-2017,3030.6,0.366
19-07-2017,3013.26,-0.572
20-07-2017,3010,-0.108
21-07-2017,3010,0.000
22-07-2017,3010.77,0.026
23-07-2017,3010.77,0.000
24-07-2017,3010.77,0.000
25-07-2017,3023.67,0.428
26-07-2017,3026.55,0.095
27-07-2017,3026.22,-0.011
28-07-2017,3002.94,-0.769
29-07-2017,2995.23,-0.257
30-07-2017,2995.23,0.000
31-07-2017,2995.23,0.000
01-08-2017,2997.59,0.079
02-08-2017,2973.03,-0.819
03-08-2017,2964.66,-0.282
04-08-2017,2954.54,-0.341
05-08-2017,2974.39,0.672
06-08-2017,2974.39,0.000
07-08-2017,2974.39,0.000
08-08-2017,2974.39,0.000
09-08-2017,2994.62,0.680
10-08-2017,3011.14,0.552
11-08-2017,2994.85,-0.541
12-08-2017,2984.99,-0.329
13-08-2017,2984.99,0.000
14-08-2017,2984.99,0.000
15-08-2017,2966.54,-0.618
16-08-2017,2974.7,0.275
17-08-2017,2967.32,-0.248
18-08-2017,2980.03,0.428
19-08-2017,2994.39,0.482
20-08-2017,2994.39,0.000
21-08-2017,2994.39,0.000
22-08-2017,2994.39,0.000
23-08-2017,2986.83,-0.252
24-08-2017,2986.88,0.002
25-08-2017,2972.98,-0.465
26-08-2017,2933.96,-1.312
27-08-2017,2933.96,0.000
28-08-2017,2933.96,0.000
29-08-2017,2934.23,0.009
30-08-2017,2940.35,0.209
31-08-2017,2937.09,-0.111
01-09-2017,2948.09,0.375
02-09-2017,2936.07,-0.408
03-09-2017,2936.07,0.000
04-09-2017,2936.07,0.000
05-09-2017,2936.07,0.000
06-09-2017,2923.49,-0.428
07-09-2017,2919.5,-0.136
08-09-2017,2907.96,-0.395
09-09-2017,2909.15,0.041
10-09-2017,2909.15,0.000
11-09-2017,2909.15,0.000
12-09-2017,2916.1,0.239
13-09-2017,2923.03,0.238
14-09-2017,2909.52,-0.462
15-09-2017,2905.98,-0.122
16-09-2017,2897.83,-0.280
17-09-2017,2897.83,0.000
18-09-2017,2897.83,0.000
19-09-2017,2906.06,0.284
20-09-2017,2904.6,-0.050
21-09-2017,2893.18,-0.393
22-09-2017,2913.96,0.718
23-09-2017,2900.73,-0.454
24-09-2017,2900.73,0.000
25-09-2017,2900.73,0.000
26-09-2017,2924.57,0.822
27-09-2017,2930.7,0.210
28-09-2017,2940.66,0.340
29-09-2017,2941.07,0.014
30-09-2017,2936.67,-0.150
01-10-2017,2936.67,0.000
02-10-2017,2936.67,0.000
03-10-2017,2949.33,0.431
04-10-2017,2953.81,0.152
05-10-2017,2945.59,-0.278
06-10-2017,2926.82,-0.637
07-10-2017,2942.19,0.525
08-10-2017,2942.19,0.000
09-10-2017,2942.19,0.000
10-10-2017,2942.19,0.000
11-10-2017,2947.06,0.166
12-10-2017,2953.77,0.228
13-10-2017,2949.69,-0.138
14-10-2017,2932.05,-0.598
15-10-2017,2932.05,0.000
16-10-2017,2932.05,0.000
17-10-2017,2932.05,0.000
18-10-2017,2944.27,0.417
19-10-2017,2935.66,-0.292
20-10-2017,2921.92,-0.468
21-10-2017,2936.66,0.504
22-10-2017,2936.66,0.000
23-10-2017,2936.66,0.000
24-10-2017,2947.69,0.376
25-10-2017,2971.36,0.803
26-10-2017,2989.39,0.607
27-10-2017,3008.8,0.649
28-10-2017,3009.85,0.035
29-10-2017,3009.85,0.000
30-10-2017,3009.85,0.000
31-10-2017,3011.44,0.053
01-11-2017,3039.19,0.921
02-11-2017,3038.56,-0.021
03-11-2017,3054.38,0.521
04-11-2017,3055.57,0.039
05-11-2017,3055.57,0.000
06-11-2017,3055.57,0.000
07-11-2017,3055.57,0.000
08-11-2017,3026.94,-0.937
09-11-2017,3017.78,-0.303
10-11-2017,3015.52,-0.075
11-11-2017,3004.88,-0.353
12-11-2017,3004.88,0.000
13-11-2017,3004.88,0.000
14-11-2017,3004.88,0.000
15-11-2017,3016.7,0.393
16-11-2017,3023.88,0.238
17-11-2017,3015.79,-0.268
18-11-2017,3003.19,-0.418
19-11-2017,3003.19,0.000
20-11-2017,3003.19,0.000
21-11-2017,3011.32,0.271
22-11-2017,3001.07,-0.340
23-11-2017,2982.73,-0.611
24-11-2017,2982.73,0.000
25-11-2017,2976.39,-0.213
26-11-2017,2976.39,0.000
27-11-2017,2976.39,0.000
28-11-2017,2986.84,0.351
29-11-2017,3003.94,0.573
30-11-2017,3006.09,0.072
01-12-2017,3006.04,-0.002
02-12-2017,3005.76,-0.009
03-12-2017,3005.76,0.000
04-12-2017,3005.76,0.000
05-12-2017,2993.49,-0.408
06-12-2017,2996.53,0.102
07-12-2017,3007.07,0.352
08-12-2017,3016.18,0.303
09-12-2017,3016.18,0.000
10-12-2017,3016.18,0.000
11-12-2017,3016.18,0.000
12-12-2017,3013.99,-0.073
13-12-2017,3029.75,0.523
14-12-2017,3015.41,-0.473
15-12-2017,2999.07,-0.542
16-12-2017,2996.61,-0.082
17-12-2017,2996.61,0.000
18-12-2017,2996.61,0.000
19-12-2017,2975.59,-0.701
20-12-2017,2972.05,-0.119
21-12-2017,2965.77,-0.211
22-12-2017,2963.58,-0.074
23-12-2017,2962.14,-0.049
24-12-2017,2962.14,0.000
25-12-2017,2962.14,0.000
26-12-2017,2962.14,0.000
27-12-2017,2962.26,0.004
28-12-2017,2971.63,0.316
29-12-2017,2984,0.416
30-12-2017,2984,0.000
31-12-2017,2984,0.000
01-01-2018,2984,0.000
02-01-2018,2984,0.000
03-01-2018,2940.94,-1.443
04-01-2018,2908.68,-1.097
05-01-2018,2885.76,-0.788
06-01-2018,2898.32,0.435
07-01-2018,2898.32,0.000
08-01-2018,2898.32,0.000
09-01-2018,2898.32,0.000
10-01-2018,2914.37,0.554
11-01-2018,2895.69,-0.641
12-01-2018,2865.79,-1.033
13-01-2018,2855.86,-0.347
14-01-2018,2855.86,0.000
15-01-2018,2855.86,0.000
16-01-2018,2855.86,0.000
17-01-2018,2868.03,0.426
18-01-2018,2851.13,-0.589
19-01-2018,2836.85,-0.501
20-01-2018,2851.75,0.525
21-01-2018,2851.75,0.000
22-01-2018,2851.75,0.000
23-01-2018,2854.2,0.086
24-01-2018,2858.5,0.151
25-01-2018,2820.53,-1.328
26-01-2018,2783.13,-1.326
27-01-2018,2805.12,0.790
28-01-2018,2805.12,0.000
29-01-2018,2805.12,0.000
30-01-2018,2842.67,1.339
31-01-2018,2844.14,0.052
01-02-2018,2835.05,-0.320
02-02-2018,2806.67,-1.001
03-02-2018,2832.13,0.907
04-02-2018,2832.13,0.000
05-02-2018,2832.13,0.000
06-02-2018,2843.6,0.405
07-02-2018,2844.83,0.043
08-02-2018,2830.89,-0.490
09-02-2018,2862.78,1.127
10-02-2018,2908.7,1.604
11-02-2018,2908.7,0.000
12-02-2018,2908.7,0.000
13-02-2018,2904.29,-0.152
14-02-2018,2904.71,0.014
15-02-2018,2895.79,-0.307
16-02-2018,2851.74,-1.521
17-02-2018,2853.16,0.050
18-02-2018,2853.16,0.000
19-02-2018,2853.16,0.000
20-02-2018,2853.16,0.000
21-02-2018,2862.01,0.310
22-02-2018,2877.94,0.557
23-02-2018,2877.04,-0.031
24-02-2018,2849.59,-0.954
25-02-2018,2849.59,0.000
26-02-2018,2849.59,0.000
27-02-2018,2849.91,0.011
28-02-2018,2855.93,0.211
01-03-2018,2867.94,0.421
02-03-2018,2879.05,0.387
03-03-2018,2879.15,0.003
04-03-2018,2879.15,0.000
05-03-2018,2879.15,0.000
06-03-2018,2859.09,-0.697
07-03-2018,2845.05,-0.491
08-03-2018,2858.88,0.486
09-03-2018,2871.36,0.437
10-03-2018,2866.93,-0.154
11-03-2018,2866.93,0.000
12-03-2018,2866.93,0.000
13-03-2018,2851.84,-0.526
14-03-2018,2848.38,-0.121
15-03-2018,2845.76,-0.092
16-03-2018,2850.04,0.150
17-03-2018,2852.48,0.086
18-03-2018,2852.48,0.000
19-03-2018,2852.48,0.000
20-03-2018,2852.48,0.000
21-03-2018,2866.92,0.506
22-03-2018,2850.69,-0.566
23-03-2018,2857.88,0.252
24-03-2018,2849.01,-0.310
25-03-2018,2849.01,0.000
26-03-2018,2849.01,0.000
27-03-2018,2816.33,-1.147
28-03-2018,2780.04,-1.289
29-03-2018,2780.47,0.015
30-03-2018,2780.47,0.000
31-03-2018,2780.47,0.000
01-04-2018,2780.47,0.000
02-04-2018,2780.47,0.000
03-04-2018,2792.96,0.449
04-04-2018,2778.27,-0.526
05-04-2018,2791.57,0.479
06-04-2018,2787.36,-0.151
07-04-2018,2791.88,0.162
08-04-2018,2791.88,0.000
09-04-2018,2791.88,0.000
10-04-2018,2781.95,-0.356
11-04-2018,2767.82,-0.508
12-04-2018,2733.24,-1.249
13-04-2018,2710.03,-0.849
14-04-2018,2705.34,-0.173
15-04-2018,2705.34,0.000
16-04-2018,2705.34,0.000
17-04-2018,2726.47,0.781
18-04-2018,2725.66,-0.030
19-04-2018,2705.64,-0.735
20-04-2018,2724.47,0.696
21-04-2018,2757.96,1.229
22-04-2018,2757.96,0.000
23-04-2018,2757.96,0.000
24-04-2018,2799.45,1.504
25-04-2018,2785.22,-0.508
26-04-2018,2820.29,1.259
27-04-2018,2812.83,-0.265
28-04-2018,2806.28,-0.233
29-04-2018,2806.28,0.000
30-04-2018,2806.28,0.000
01-05-2018,2809.92,0.130
02-05-2018,2809.92,0.000
03-05-2018,2831.99,0.785
04-05-2018,2857.85,0.913
05-05-2018,2843.41,-0.505
06-05-2018,2843.41,0.000
07-05-2018,2843.41,0.000
